2026-08-05T06:34:20.645Z  INFO 9004 --- [payment-processing-system] [main] c.p.p.PaymentIdempotencyIntegrationTests : Starting PaymentIdempotencyIntegrationTests using Java 25.0.3 with PID 9004 (started by Administrator in C:\Users\Administrator\Desktop\project\107-InfiniteLoopers-PaymentProcessingSystem)
2026-08-05T06:34:20.681Z  INFO 9004 --- [payment-processing-system] [main] c.p.p.PaymentIdempotencyIntegrationTests : No active profile set, falling back to 1 default profile: "default"
2026-08-05T06:34:25.974Z  INFO 9004 --- [payment-processing-system] [main] .s.d.r.c.RepositoryConfigurationDelegate : Bootstrapping Spring Data JPA repositories in DEFAULT mode.
2026-08-05T06:34:26.260Z  INFO 9004 --- [payment-processing-system] [main] .s.d.r.c.RepositoryConfigurationDelegate : Finished Spring Data repository scanning in 222 ms. Found 4 JPA repository interfaces.
2026-08-05T06:34:29.684Z  INFO 9004 --- [payment-processing-system] [main] o.s.boot.tomcat.TomcatWebServer          : Tomcat initialized with port 0 (http)
2026-08-05T06:34:29.753Z  INFO 9004 --- [payment-processing-system] [main] o.apache.catalina.core.StandardService   : Starting service [Tomcat]
2026-08-05T06:34:29.754Z  INFO 9004 --- [payment-processing-system] [main] o.apache.catalina.core.StandardEngine    : Starting Servlet engine: [Apache Tomcat/11.0.22]
2026-08-05T06:34:29.964Z  INFO 9004 --- [payment-processing-system] [main] b.w.c.s.WebApplicationContextInitializer : Root WebApplicationContext: initialization completed in 9094 ms
2026-08-05T06:34:32.043Z  INFO 9004 --- [payment-processing-system] [main] com.zaxxer.hikari.HikariDataSource       : HikariPool-1 - Starting...
2026-08-05T06:34:43.767Z  INFO 9004 --- [payment-processing-system] [main] com.zaxxer.hikari.pool.HikariPool        : HikariPool-1 - Added connection com.mysql.cj.jdbc.ConnectionImpl@4f99290b
2026-08-05T06:34:43.823Z  INFO 9004 --- [payment-processing-system] [main] com.zaxxer.hikari.HikariDataSource       : HikariPool-1 - Start completed.
2026-08-05T06:34:43.976Z  INFO 9004 --- [payment-processing-system] [main] org.flywaydb.core.FlywayExecutor         : Database: jdbc:mysql://localhost:3306/payment_processing_db?createDatabaseIfNotExist=true&useSSL=false&allowPublicKeyRetrieval=true&serverTimezone=UTC (MySQL 8.0)
2026-08-05T06:34:44.463Z  INFO 9004 --- [payment-processing-system] [main] o.f.core.internal.command.DbValidate     : Successfully validated 5 migrations (execution time 00:00.115s)
2026-08-05T06:34:44.517Z  INFO 9004 --- [payment-processing-system] [main] o.f.core.internal.command.DbMigrate      : Current version of schema `payment_processing_db`: 5
2026-08-05T06:34:44.536Z  INFO 9004 --- [payment-processing-system] [main] o.f.core.internal.command.DbMigrate      : Schema `payment_processing_db` is up to date. No migration necessary.
2026-08-05T06:34:45.003Z  INFO 9004 --- [payment-processing-system] [main] org.hibernate.orm.jpa                    : HHH008540: Processing PersistenceUnitInfo [name: default]
2026-08-05T06:34:45.385Z  INFO 9004 --- [payment-processing-system] [main] org.hibernate.orm.core                   : HHH000001: Hibernate ORM core version 7.4.1.Final
2026-08-05T06:34:47.878Z  INFO 9004 --- [payment-processing-system] [main] o.s.o.j.p.SpringPersistenceUnitInfo      : No LoadTimeWeaver setup: ignoring JPA class transformer
2026-08-05T06:34:48.253Z  WARN 9004 --- [payment-processing-system] [main] org.hibernate.orm.deprecation            : HHH90000025: MySQLDialect does not need to be specified explicitly using 'hibernate.dialect' (remove the property setting and it will be selected by default)
2026-08-05T06:34:48.359Z  INFO 9004 --- [payment-processing-system] [main] org.hibernate.orm.connections.pooling    : HHH10001005: Database info:
	Database JDBC URL [jdbc:mysql://localhost:3306/payment_processing_db?createDatabaseIfNotExist=true&useSSL=false&allowPublicKeyRetrieval=true&serverTimezone=UTC]
	Database driver: MySQL Connector/J
	Database dialect: MySQLDialect
	Database version: 8.0.41
	Default catalog/schema: payment_processing_db/undefined
	Autocommit mode: undefined/unknown
	Isolation level: REPEATABLE_READ [default REPEATABLE_READ]
	JDBC fetch size: none
	Pool: DataSourceConnectionProvider
	Minimum pool size: undefined/unknown
	Maximum pool size: undefined/unknown
2026-08-05T06:34:54.748Z  INFO 9004 --- [payment-processing-system] [main] org.hibernate.orm.core                   : HHH000489: No JTA platform available (set 'hibernate.transaction.jta.platform' to enable JTA platform integration)
2026-08-05T06:34:54.974Z  INFO 9004 --- [payment-processing-system] [main] j.LocalContainerEntityManagerFactoryBean : Initialized JPA EntityManagerFactory for persistence unit 'default'
2026-08-05T06:34:55.421Z  INFO 9004 --- [payment-processing-system] [main] o.s.d.j.r.query.QueryEnhancerFactories   : Hibernate is in classpath; If applicable, HQL parser will be used.
2026-08-05T06:35:01.923Z  INFO 9004 --- [payment-processing-system] [main] o.s.boot.tomcat.TomcatWebServer          : Tomcat started on port 49534 (http) with context path '/'
2026-08-05T06:35:01.996Z  INFO 9004 --- [payment-processing-system] [main] c.p.p.PaymentIdempotencyIntegrationTests : Started PaymentIdempotencyIntegrationTests in 43.458 seconds (process running for 56.033)
2026-08-05T06:35:07.983Z  INFO 9004 --- [payment-processing-system] [http-nio-auto-1-exec-1] o.a.c.c.C.[Tomcat].[localhost].[/]       : Initializing Spring DispatcherServlet 'dispatcherServlet'
2026-08-05T06:35:07.992Z  INFO 9004 --- [payment-processing-system] [http-nio-auto-1-exec-1] o.s.web.servlet.DispatcherServlet        : Initializing Servlet 'dispatcherServlet'
2026-08-05T06:35:08.020Z  INFO 9004 --- [payment-processing-system] [http-nio-auto-1-exec-1] o.s.web.servlet.DispatcherServlet        : Completed initialization in 19 ms
2026-08-05T06:35:08.675Z  INFO 9004 --- [payment-processing-system] [http-nio-auto-1-exec-1] c.p.p.controller.PaymentController       : POST /api/payments/send - Initiating payment from account: 100000000001
2026-08-05T06:35:09.578Z  INFO 9004 --- [payment-processing-system] [http-nio-auto-1-exec-1] c.p.p.service.impl.PaymentServiceImpl    : Transaction created: TXN-AE7ABD4F1CE0446E93DCA9C7D4A42E3A
2026-08-05T06:35:09.589Z  INFO 9004 --- [payment-processing-system] [http-nio-auto-1-exec-1] c.p.p.service.impl.PaymentServiceImpl    : Transaction validated: TXN-AE7ABD4F1CE0446E93DCA9C7D4A42E3A
2026-08-05T06:35:09.595Z  INFO 9004 --- [payment-processing-system] [http-nio-auto-1-exec-1] c.p.p.service.impl.PaymentServiceImpl    : Transaction sent: TXN-AE7ABD4F1CE0446E93DCA9C7D4A42E3A
2026-08-05T06:35:09.601Z  INFO 9004 --- [payment-processing-system] [http-nio-auto-1-exec-1] c.p.p.service.impl.PaymentServiceImpl    : Transaction completed: TXN-AE7ABD4F1CE0446E93DCA9C7D4A42E3A
2026-08-05T06:35:10.445Z  INFO 9004 --- [payment-processing-system] [http-nio-auto-1-exec-2] c.p.p.controller.PaymentController       : POST /api/payments/send - Initiating payment from account: 100000000001
2026-08-05T06:35:10.470Z  INFO 9004 --- [payment-processing-system] [http-nio-auto-1-exec-2] c.p.p.service.impl.PaymentServiceImpl    : Returning existing transaction TXN-AE7ABD4F1CE0446E93DCA9C7D4A42E3A for idempotency key IDEMPTEST-e8ef8118a49344dfb1c412b100a5128b
2026-08-05T06:35:10.569Z  INFO 9004 --- [payment-processing-system] [http-nio-auto-1-exec-3] c.p.p.controller.PaymentController       : POST /api/payments/send - Initiating payment from account: 100000000001
2026-08-05T06:35:10.594Z  INFO 9004 --- [payment-processing-system] [http-nio-auto-1-exec-3] c.p.p.service.impl.PaymentServiceImpl    : Transaction created: TXN-2FBA0B83619A4FCC803C0AAF8F456111
2026-08-05T06:35:10.599Z  INFO 9004 --- [payment-processing-system] [http-nio-auto-1-exec-3] c.p.p.service.impl.PaymentServiceImpl    : Transaction validated: TXN-2FBA0B83619A4FCC803C0AAF8F456111
2026-08-05T06:35:10.603Z  INFO 9004 --- [payment-processing-system] [http-nio-auto-1-exec-3] c.p.p.service.impl.PaymentServiceImpl    : Transaction sent: TXN-2FBA0B83619A4FCC803C0AAF8F456111
2026-08-05T06:35:10.611Z  INFO 9004 --- [payment-processing-system] [http-nio-auto-1-exec-3] c.p.p.service.impl.PaymentServiceImpl    : Transaction completed: TXN-2FBA0B83619A4FCC803C0AAF8F456111
2026-08-05T06:35:10.638Z  INFO 9004 --- [payment-processing-system] [http-nio-auto-1-exec-4] c.p.p.controller.PaymentController       : POST /api/payments/send - Initiating payment from account: 100000000001
2026-08-05T06:35:10.653Z ERROR 9004 --- [payment-processing-system] [http-nio-auto-1-exec-4] c.p.p.service.impl.PaymentServiceImpl    : Duplicate payment blocked: The provided idempotency key has already been used for a different payment request.
2026-08-05T06:35:10.665Z ERROR 9004 --- [payment-processing-system] [http-nio-auto-1-exec-4] c.p.p.exception.GlobalExceptionHandler   : Duplicate payment detected: The provided idempotency key has already been used for a different payment request.
2026-08-05T06:35:10.743Z  INFO 9004 --- [payment-processing-system] [main] t.c.s.AnnotationConfigContextLoaderUtils : Could not detect default configuration classes for test class [com.payment.payment_processing_system.PaymentProcessingSystemApplicationTests]: PaymentProcessingSystemApplicationTests does not declare any static, non-private, non-final, nested classes annotated with @Configuration.
2026-08-05T06:35:10.749Z  INFO 9004 --- [payment-processing-system] [main] .b.t.c.SpringBootTestContextBootstrapper : Found @SpringBootConfiguration com.payment.payment_processing_system.PaymentProcessingSystemApplication for test class com.payment.payment_processing_system.PaymentProcessingSystemApplicationTests
2026-08-05T06:35:10.753Z  INFO 9004 --- [payment-processing-system] [main] t.c.s.AnnotationConfigContextLoaderUtils : Could not detect default configuration classes for test class [com.payment.payment_processing_system.PaymentProcessingSystemApplicationTests]: PaymentProcessingSystemApplicationTests does not declare any static, non-private, non-final, nested classes annotated with @Configuration.
2026-08-05T06:35:10.759Z  INFO 9004 --- [payment-processing-system] [main] .b.t.c.SpringBootTestContextBootstrapper : Found @SpringBootConfiguration com.payment.payment_processing_system.PaymentProcessingSystemApplication for test class com.payment.payment_processing_system.PaymentProcessingSystemApplicationTests
2026-08-05T06:35:10.801Z  INFO 9004 --- [payment-processing-system] [main] o.s.b.d.r.RestartApplicationListener     : Restart disabled due to context in which it is running
2026-08-05T06:35:11.138Z  INFO 9004 --- [payment-processing-system] [main] .PaymentProcessingSystemApplicationTests : Starting PaymentProcessingSystemApplicationTests using Java 25.0.3 with PID 9004 (started by Administrator in C:\Users\Administrator\Desktop\project\107-InfiniteLoopers-PaymentProcessingSystem)
2026-08-05T06:35:11.138Z  INFO 9004 --- [payment-processing-system] [main] .PaymentProcessingSystemApplicationTests : No active profile set, falling back to 1 default profile: "default"
2026-08-05T06:35:12.206Z  INFO 9004 --- [payment-processing-system] [main] .s.d.r.c.RepositoryConfigurationDelegate : Bootstrapping Spring Data JPA repositories in DEFAULT mode.
2026-08-05T06:35:12.274Z  INFO 9004 --- [payment-processing-system] [main] .s.d.r.c.RepositoryConfigurationDelegate : Finished Spring Data repository scanning in 51 ms. Found 4 JPA repository interfaces.
2026-08-05T06:35:12.534Z  INFO 9004 --- [payment-processing-system] [main] com.zaxxer.hikari.HikariDataSource       : HikariPool-2 - Starting...
2026-08-05T06:35:12.546Z  INFO 9004 --- [payment-processing-system] [main] com.zaxxer.hikari.pool.HikariPool        : HikariPool-2 - Added connection com.mysql.cj.jdbc.ConnectionImpl@71d4634c
2026-08-05T06:35:12.547Z  INFO 9004 --- [payment-processing-system] [main] com.zaxxer.hikari.HikariDataSource       : HikariPool-2 - Start completed.
2026-08-05T06:35:12.551Z  INFO 9004 --- [payment-processing-system] [main] org.flywaydb.core.FlywayExecutor         : Database: jdbc:mysql://localhost:3306/payment_processing_db?createDatabaseIfNotExist=true&useSSL=false&allowPublicKeyRetrieval=true&serverTimezone=UTC (MySQL 8.0)
2026-08-05T06:35:12.602Z  INFO 9004 --- [payment-processing-system] [main] o.f.core.internal.command.DbValidate     : Successfully validated 5 migrations (execution time 00:00.019s)
2026-08-05T06:35:12.630Z  INFO 9004 --- [payment-processing-system] [main] o.f.core.internal.command.DbMigrate      : Current version of schema `payment_processing_db`: 5
2026-08-05T06:35:12.632Z  INFO 9004 --- [payment-processing-system] [main] o.f.core.internal.command.DbMigrate      : Schema `payment_processing_db` is up to date. No migration necessary.
2026-08-05T06:35:12.688Z  INFO 9004 --- [payment-processing-system] [main] org.hibernate.orm.jpa                    : HHH008540: Processing PersistenceUnitInfo [name: default]
2026-08-05T06:35:12.791Z  INFO 9004 --- [payment-processing-system] [main] o.s.o.j.p.SpringPersistenceUnitInfo      : No LoadTimeWeaver setup: ignoring JPA class transformer
2026-08-05T06:35:12.798Z  WARN 9004 --- [payment-processing-system] [main] org.hibernate.orm.deprecation            : HHH90000025: MySQLDialect does not need to be specified explicitly using 'hibernate.dialect' (remove the property setting and it will be selected by default)
2026-08-05T06:35:12.800Z  INFO 9004 --- [payment-processing-system] [main] org.hibernate.orm.connections.pooling    : HHH10001005: Database info:
	Database JDBC URL [jdbc:mysql://localhost:3306/payment_processing_db?createDatabaseIfNotExist=true&useSSL=false&allowPublicKeyRetrieval=true&serverTimezone=UTC]
	Database driver: MySQL Connector/J
	Database dialect: MySQLDialect
	Database version: 8.0.41
	Default catalog/schema: payment_processing_db/undefined
	Autocommit mode: undefined/unknown
	Isolation level: REPEATABLE_READ [default REPEATABLE_READ]
	JDBC fetch size: none
	Pool: DataSourceConnectionProvider
	Minimum pool size: undefined/unknown
	Maximum pool size: undefined/unknown
2026-08-05T06:35:13.024Z  INFO 9004 --- [payment-processing-system] [main] org.hibernate.orm.core                   : HHH000489: No JTA platform available (set 'hibernate.transaction.jta.platform' to enable JTA platform integration)
2026-08-05T06:35:13.047Z  INFO 9004 --- [payment-processing-system] [main] j.LocalContainerEntityManagerFactoryBean : Initialized JPA EntityManagerFactory for persistence unit 'default'
2026-08-05T06:35:13.849Z  INFO 9004 --- [payment-processing-system] [main] .PaymentProcessingSystemApplicationTests : Started PaymentProcessingSystemApplicationTests in 3.049 seconds (process running for 67.886)
2026-08-05T06:35:13.914Z  INFO 9004 --- [payment-processing-system] [SpringApplicationShutdownHook] o.s.boot.tomcat.GracefulShutdown         : Commencing graceful shutdown. Waiting for active requests to complete
2026-08-05T06:35:13.935Z  INFO 9004 --- [payment-processing-system] [tomcat-shutdown] o.s.boot.tomcat.GracefulShutdown         : Graceful shutdown complete
2026-08-05T06:35:14.280Z  INFO 9004 --- [payment-processing-system] [SpringApplicationShutdownHook] j.LocalContainerEntityManagerFactoryBean : Closing JPA EntityManagerFactory for persistence unit 'default'
2026-08-05T06:35:14.285Z  INFO 9004 --- [payment-processing-system] [SpringApplicationShutdownHook] com.zaxxer.hikari.HikariDataSource       : HikariPool-1 - Shutdown initiated...
2026-08-05T06:35:14.299Z  INFO 9004 --- [payment-processing-system] [SpringApplicationShutdownHook] com.zaxxer.hikari.HikariDataSource       : HikariPool-1 - Shutdown completed.
2026-08-05T06:35:14.319Z  INFO 9004 --- [payment-processing-system] [SpringApplicationShutdownHook] j.LocalContainerEntityManagerFactoryBean : Closing JPA EntityManagerFactory for persistence unit 'default'
2026-08-05T06:35:14.320Z  INFO 9004 --- [payment-processing-system] [SpringApplicationShutdownHook] com.zaxxer.hikari.HikariDataSource       : HikariPool-2 - Shutdown initiated...
2026-08-05T06:35:14.323Z  INFO 9004 --- [payment-processing-system] [SpringApplicationShutdownHook] com.zaxxer.hikari.HikariDataSource       : HikariPool-2 - Shutdown completed.
2026-08-05T06:36:57.435Z  INFO 11972 --- [payment-processing-system] [main] c.p.p.PaymentIdempotencyIntegrationTests : Starting PaymentIdempotencyIntegrationTests using Java 25.0.3 with PID 11972 (started by Administrator in C:\Users\Administrator\Desktop\project\107-InfiniteLoopers-PaymentProcessingSystem)
2026-08-05T06:36:57.439Z  INFO 11972 --- [payment-processing-system] [main] c.p.p.PaymentIdempotencyIntegrationTests : No active profile set, falling back to 1 default profile: "default"
2026-08-05T06:37:01.341Z  INFO 11972 --- [payment-processing-system] [main] .s.d.r.c.RepositoryConfigurationDelegate : Bootstrapping Spring Data JPA repositories in DEFAULT mode.
2026-08-05T06:37:01.591Z  INFO 11972 --- [payment-processing-system] [main] .s.d.r.c.RepositoryConfigurationDelegate : Finished Spring Data repository scanning in 225 ms. Found 4 JPA repository interfaces.
2026-08-05T06:37:03.640Z  INFO 11972 --- [payment-processing-system] [main] o.s.boot.tomcat.TomcatWebServer          : Tomcat initialized with port 0 (http)
2026-08-05T06:37:03.682Z  INFO 11972 --- [payment-processing-system] [main] o.apache.catalina.core.StandardService   : Starting service [Tomcat]
2026-08-05T06:37:03.684Z  INFO 11972 --- [payment-processing-system] [main] o.apache.catalina.core.StandardEngine    : Starting Servlet engine: [Apache Tomcat/11.0.22]
2026-08-05T06:37:03.837Z  INFO 11972 --- [payment-processing-system] [main] b.w.c.s.WebApplicationContextInitializer : Root WebApplicationContext: initialization completed in 6286 ms
2026-08-05T06:37:04.847Z  INFO 11972 --- [payment-processing-system] [main] com.zaxxer.hikari.HikariDataSource       : HikariPool-1 - Starting...
2026-08-05T06:37:05.383Z  INFO 11972 --- [payment-processing-system] [main] com.zaxxer.hikari.pool.HikariPool        : HikariPool-1 - Added connection com.mysql.cj.jdbc.ConnectionImpl@39c65ffc
2026-08-05T06:37:05.390Z  INFO 11972 --- [payment-processing-system] [main] com.zaxxer.hikari.HikariDataSource       : HikariPool-1 - Start completed.
2026-08-05T06:37:05.553Z  INFO 11972 --- [payment-processing-system] [main] org.flywaydb.core.FlywayExecutor         : Database: jdbc:mysql://localhost:3306/payment_processing_db?createDatabaseIfNotExist=true&useSSL=false&allowPublicKeyRetrieval=true&serverTimezone=UTC (MySQL 8.0)
2026-08-05T06:37:05.827Z  INFO 11972 --- [payment-processing-system] [main] o.f.core.internal.command.DbValidate     : Successfully validated 5 migrations (execution time 00:00.115s)
2026-08-05T06:37:05.863Z  INFO 11972 --- [payment-processing-system] [main] o.f.core.internal.command.DbMigrate      : Current version of schema `payment_processing_db`: 5
2026-08-05T06:37:05.871Z  INFO 11972 --- [payment-processing-system] [main] o.f.core.internal.command.DbMigrate      : Schema `payment_processing_db` is up to date. No migration necessary.
2026-08-05T06:37:06.209Z  INFO 11972 --- [payment-processing-system] [main] org.hibernate.orm.jpa                    : HHH008540: Processing PersistenceUnitInfo [name: default]
2026-08-05T06:37:06.466Z  INFO 11972 --- [payment-processing-system] [main] org.hibernate.orm.core                   : HHH000001: Hibernate ORM core version 7.4.1.Final
2026-08-05T06:37:08.035Z  INFO 11972 --- [payment-processing-system] [main] o.s.o.j.p.SpringPersistenceUnitInfo      : No LoadTimeWeaver setup: ignoring JPA class transformer
2026-08-05T06:37:08.272Z  WARN 11972 --- [payment-processing-system] [main] org.hibernate.orm.deprecation            : HHH90000025: MySQLDialect does not need to be specified explicitly using 'hibernate.dialect' (remove the property setting and it will be selected by default)
2026-08-05T06:37:08.322Z  INFO 11972 --- [payment-processing-system] [main] org.hibernate.orm.connections.pooling    : HHH10001005: Database info:
	Database JDBC URL [jdbc:mysql://localhost:3306/payment_processing_db?createDatabaseIfNotExist=true&useSSL=false&allowPublicKeyRetrieval=true&serverTimezone=UTC]
	Database driver: MySQL Connector/J
	Database dialect: MySQLDialect
	Database version: 8.0.41
	Default catalog/schema: payment_processing_db/undefined
	Autocommit mode: undefined/unknown
	Isolation level: REPEATABLE_READ [default REPEATABLE_READ]
	JDBC fetch size: none
	Pool: DataSourceConnectionProvider
	Minimum pool size: undefined/unknown
	Maximum pool size: undefined/unknown
2026-08-05T06:37:12.282Z  INFO 11972 --- [payment-processing-system] [main] org.hibernate.orm.core                   : HHH000489: No JTA platform available (set 'hibernate.transaction.jta.platform' to enable JTA platform integration)
2026-08-05T06:37:12.462Z  INFO 11972 --- [payment-processing-system] [main] j.LocalContainerEntityManagerFactoryBean : Initialized JPA EntityManagerFactory for persistence unit 'default'
2026-08-05T06:37:12.852Z  INFO 11972 --- [payment-processing-system] [main] o.s.d.j.r.query.QueryEnhancerFactories   : Hibernate is in classpath; If applicable, HQL parser will be used.
2026-08-05T06:37:18.542Z  INFO 11972 --- [payment-processing-system] [main] o.s.boot.tomcat.TomcatWebServer          : Tomcat started on port 56059 (http) with context path '/'
2026-08-05T06:37:18.556Z  INFO 11972 --- [payment-processing-system] [main] c.p.p.PaymentIdempotencyIntegrationTests : Started PaymentIdempotencyIntegrationTests in 22.595 seconds (process running for 29.959)
2026-08-05T06:37:19.558Z  INFO 11972 --- [payment-processing-system] [http-nio-auto-1-exec-1] o.a.c.c.C.[Tomcat].[localhost].[/]       : Initializing Spring DispatcherServlet 'dispatcherServlet'
2026-08-05T06:37:19.559Z  INFO 11972 --- [payment-processing-system] [http-nio-auto-1-exec-1] o.s.web.servlet.DispatcherServlet        : Initializing Servlet 'dispatcherServlet'
2026-08-05T06:37:19.561Z  INFO 11972 --- [payment-processing-system] [http-nio-auto-1-exec-1] o.s.web.servlet.DispatcherServlet        : Completed initialization in 2 ms
2026-08-05T06:37:19.841Z  INFO 11972 --- [payment-processing-system] [http-nio-auto-1-exec-1] c.p.p.controller.PaymentController       : POST /api/payments/send - Initiating payment from account: 100000000001
2026-08-05T06:37:20.498Z  INFO 11972 --- [payment-processing-system] [http-nio-auto-1-exec-1] c.p.p.service.impl.PaymentServiceImpl    : Transaction created: TXN-191C396253114AC2A2B776FDEF85C8AD
2026-08-05T06:37:20.511Z  INFO 11972 --- [payment-processing-system] [http-nio-auto-1-exec-1] c.p.p.service.impl.PaymentServiceImpl    : Transaction validated: TXN-191C396253114AC2A2B776FDEF85C8AD
2026-08-05T06:37:20.519Z  INFO 11972 --- [payment-processing-system] [http-nio-auto-1-exec-1] c.p.p.service.impl.PaymentServiceImpl    : Transaction sent: TXN-191C396253114AC2A2B776FDEF85C8AD
2026-08-05T06:37:20.524Z  INFO 11972 --- [payment-processing-system] [http-nio-auto-1-exec-1] c.p.p.service.impl.PaymentServiceImpl    : Transaction completed: TXN-191C396253114AC2A2B776FDEF85C8AD
2026-08-05T06:37:21.134Z  INFO 11972 --- [payment-processing-system] [http-nio-auto-1-exec-2] c.p.p.controller.PaymentController       : POST /api/payments/send - Initiating payment from account: 100000000001
2026-08-05T06:37:21.158Z  INFO 11972 --- [payment-processing-system] [http-nio-auto-1-exec-2] c.p.p.service.impl.PaymentServiceImpl    : Returning existing transaction TXN-191C396253114AC2A2B776FDEF85C8AD for idempotency key IDEMPTEST-cdae7cb8ec8c4d3ab01d48d5de203871
2026-08-05T06:37:21.260Z  INFO 11972 --- [payment-processing-system] [http-nio-auto-1-exec-3] c.p.p.controller.PaymentController       : POST /api/payments/send - Initiating payment from account: 100000000001
2026-08-05T06:37:21.296Z  INFO 11972 --- [payment-processing-system] [http-nio-auto-1-exec-3] c.p.p.service.impl.PaymentServiceImpl    : Transaction created: TXN-75FAE0B18687477B9D1DCAE51FCB07C9
2026-08-05T06:37:21.301Z  INFO 11972 --- [payment-processing-system] [http-nio-auto-1-exec-3] c.p.p.service.impl.PaymentServiceImpl    : Transaction validated: TXN-75FAE0B18687477B9D1DCAE51FCB07C9
2026-08-05T06:37:21.308Z  INFO 11972 --- [payment-processing-system] [http-nio-auto-1-exec-3] c.p.p.service.impl.PaymentServiceImpl    : Transaction sent: TXN-75FAE0B18687477B9D1DCAE51FCB07C9
2026-08-05T06:37:21.313Z  INFO 11972 --- [payment-processing-system] [http-nio-auto-1-exec-3] c.p.p.service.impl.PaymentServiceImpl    : Transaction completed: TXN-75FAE0B18687477B9D1DCAE51FCB07C9
2026-08-05T06:37:21.351Z  INFO 11972 --- [payment-processing-system] [http-nio-auto-1-exec-4] c.p.p.controller.PaymentController       : POST /api/payments/send - Initiating payment from account: 100000000001
2026-08-05T06:37:21.364Z ERROR 11972 --- [payment-processing-system] [http-nio-auto-1-exec-4] c.p.p.service.impl.PaymentServiceImpl    : Duplicate payment blocked: The provided idempotency key has already been used for a different payment request.
2026-08-05T06:37:21.375Z ERROR 11972 --- [payment-processing-system] [http-nio-auto-1-exec-4] c.p.p.exception.GlobalExceptionHandler   : Duplicate payment detected: The provided idempotency key has already been used for a different payment request.
2026-08-05T06:37:21.448Z  INFO 11972 --- [payment-processing-system] [main] t.c.s.AnnotationConfigContextLoaderUtils : Could not detect default configuration classes for test class [com.payment.payment_processing_system.PaymentProcessingSystemApplicationTests]: PaymentProcessingSystemApplicationTests does not declare any static, non-private, non-final, nested classes annotated with @Configuration.
2026-08-05T06:37:21.454Z  INFO 11972 --- [payment-processing-system] [main] .b.t.c.SpringBootTestContextBootstrapper : Found @SpringBootConfiguration com.payment.payment_processing_system.PaymentProcessingSystemApplication for test class com.payment.payment_processing_system.PaymentProcessingSystemApplicationTests
2026-08-05T06:37:21.460Z  INFO 11972 --- [payment-processing-system] [main] t.c.s.AnnotationConfigContextLoaderUtils : Could not detect default configuration classes for test class [com.payment.payment_processing_system.PaymentProcessingSystemApplicationTests]: PaymentProcessingSystemApplicationTests does not declare any static, non-private, non-final, nested classes annotated with @Configuration.
2026-08-05T06:37:21.463Z  INFO 11972 --- [payment-processing-system] [main] .b.t.c.SpringBootTestContextBootstrapper : Found @SpringBootConfiguration com.payment.payment_processing_system.PaymentProcessingSystemApplication for test class com.payment.payment_processing_system.PaymentProcessingSystemApplicationTests
2026-08-05T06:37:21.496Z  INFO 11972 --- [payment-processing-system] [main] o.s.b.d.r.RestartApplicationListener     : Restart disabled due to context in which it is running
2026-08-05T06:37:21.644Z  INFO 11972 --- [payment-processing-system] [main] .PaymentProcessingSystemApplicationTests : Starting PaymentProcessingSystemApplicationTests using Java 25.0.3 with PID 11972 (started by Administrator in C:\Users\Administrator\Desktop\project\107-InfiniteLoopers-PaymentProcessingSystem)
2026-08-05T06:37:21.645Z  INFO 11972 --- [payment-processing-system] [main] .PaymentProcessingSystemApplicationTests : No active profile set, falling back to 1 default profile: "default"
2026-08-05T06:37:22.427Z  INFO 11972 --- [payment-processing-system] [main] .s.d.r.c.RepositoryConfigurationDelegate : Bootstrapping Spring Data JPA repositories in DEFAULT mode.
2026-08-05T06:37:22.507Z  INFO 11972 --- [payment-processing-system] [main] .s.d.r.c.RepositoryConfigurationDelegate : Finished Spring Data repository scanning in 46 ms. Found 4 JPA repository interfaces.
2026-08-05T06:37:22.801Z  INFO 11972 --- [payment-processing-system] [main] com.zaxxer.hikari.HikariDataSource       : HikariPool-2 - Starting...
2026-08-05T06:37:22.834Z  INFO 11972 --- [payment-processing-system] [main] com.zaxxer.hikari.pool.HikariPool        : HikariPool-2 - Added connection com.mysql.cj.jdbc.ConnectionImpl@6dcc38ce
2026-08-05T06:37:22.835Z  INFO 11972 --- [payment-processing-system] [main] com.zaxxer.hikari.HikariDataSource       : HikariPool-2 - Start completed.
2026-08-05T06:37:22.838Z  INFO 11972 --- [payment-processing-system] [main] org.flywaydb.core.FlywayExecutor         : Database: jdbc:mysql://localhost:3306/payment_processing_db?createDatabaseIfNotExist=true&useSSL=false&allowPublicKeyRetrieval=true&serverTimezone=UTC (MySQL 8.0)
2026-08-05T06:37:22.890Z  INFO 11972 --- [payment-processing-system] [main] o.f.core.internal.command.DbValidate     : Successfully validated 5 migrations (execution time 00:00.020s)
2026-08-05T06:37:22.915Z  INFO 11972 --- [payment-processing-system] [main] o.f.core.internal.command.DbMigrate      : Current version of schema `payment_processing_db`: 5
2026-08-05T06:37:22.916Z  INFO 11972 --- [payment-processing-system] [main] o.f.core.internal.command.DbMigrate      : Schema `payment_processing_db` is up to date. No migration necessary.
2026-08-05T06:37:22.965Z  INFO 11972 --- [payment-processing-system] [main] org.hibernate.orm.jpa                    : HHH008540: Processing PersistenceUnitInfo [name: default]
2026-08-05T06:37:23.081Z  INFO 11972 --- [payment-processing-system] [main] o.s.o.j.p.SpringPersistenceUnitInfo      : No LoadTimeWeaver setup: ignoring JPA class transformer
2026-08-05T06:37:23.095Z  WARN 11972 --- [payment-processing-system] [main] org.hibernate.orm.deprecation            : HHH90000025: MySQLDialect does not need to be specified explicitly using 'hibernate.dialect' (remove the property setting and it will be selected by default)
2026-08-05T06:37:23.100Z  INFO 11972 --- [payment-processing-system] [main] org.hibernate.orm.connections.pooling    : HHH10001005: Database info:
	Database JDBC URL [jdbc:mysql://localhost:3306/payment_processing_db?createDatabaseIfNotExist=true&useSSL=false&allowPublicKeyRetrieval=true&serverTimezone=UTC]
	Database driver: MySQL Connector/J
	Database dialect: MySQLDialect
	Database version: 8.0.41
	Default catalog/schema: payment_processing_db/undefined
	Autocommit mode: undefined/unknown
	Isolation level: REPEATABLE_READ [default REPEATABLE_READ]
	JDBC fetch size: none
	Pool: DataSourceConnectionProvider
	Minimum pool size: undefined/unknown
	Maximum pool size: undefined/unknown
2026-08-05T06:37:23.339Z  INFO 11972 --- [payment-processing-system] [main] org.hibernate.orm.core                   : HHH000489: No JTA platform available (set 'hibernate.transaction.jta.platform' to enable JTA platform integration)
2026-08-05T06:37:23.365Z  INFO 11972 --- [payment-processing-system] [main] j.LocalContainerEntityManagerFactoryBean : Initialized JPA EntityManagerFactory for persistence unit 'default'
2026-08-05T06:37:24.075Z  INFO 11972 --- [payment-processing-system] [main] .PaymentProcessingSystemApplicationTests : Started PaymentProcessingSystemApplicationTests in 2.58 seconds (process running for 35.478)
2026-08-05T06:37:24.185Z  INFO 11972 --- [payment-processing-system] [SpringApplicationShutdownHook] o.s.boot.tomcat.GracefulShutdown         : Commencing graceful shutdown. Waiting for active requests to complete
2026-08-05T06:37:24.215Z  INFO 11972 --- [payment-processing-system] [tomcat-shutdown] o.s.boot.tomcat.GracefulShutdown         : Graceful shutdown complete
2026-08-05T06:37:24.545Z  INFO 11972 --- [payment-processing-system] [SpringApplicationShutdownHook] j.LocalContainerEntityManagerFactoryBean : Closing JPA EntityManagerFactory for persistence unit 'default'
2026-08-05T06:37:24.551Z  INFO 11972 --- [payment-processing-system] [SpringApplicationShutdownHook] com.zaxxer.hikari.HikariDataSource       : HikariPool-1 - Shutdown initiated...
2026-08-05T06:37:24.562Z  INFO 11972 --- [payment-processing-system] [SpringApplicationShutdownHook] com.zaxxer.hikari.HikariDataSource       : HikariPool-1 - Shutdown completed.
2026-08-05T06:37:24.586Z  INFO 11972 --- [payment-processing-system] [SpringApplicationShutdownHook] j.LocalContainerEntityManagerFactoryBean : Closing JPA EntityManagerFactory for persistence unit 'default'
2026-08-05T06:37:24.587Z  INFO 11972 --- [payment-processing-system] [SpringApplicationShutdownHook] com.zaxxer.hikari.HikariDataSource       : HikariPool-2 - Shutdown initiated...
2026-08-05T06:37:24.591Z  INFO 11972 --- [payment-processing-system] [SpringApplicationShutdownHook] com.zaxxer.hikari.HikariDataSource       : HikariPool-2 - Shutdown completed.
2026-08-05T07:44:47.266Z  INFO 10968 --- [payment-processing-system] [main] c.p.p.PaymentIdempotencyIntegrationTests : Starting PaymentIdempotencyIntegrationTests using Java 25.0.3 with PID 10968 (started by Administrator in C:\Users\Administrator\Desktop\project\107-InfiniteLoopers-PaymentProcessingSystem)
2026-08-05T07:44:47.269Z  INFO 10968 --- [payment-processing-system] [main] c.p.p.PaymentIdempotencyIntegrationTests : No active profile set, falling back to 1 default profile: "default"
2026-08-05T07:44:50.527Z  INFO 10968 --- [payment-processing-system] [main] .s.d.r.c.RepositoryConfigurationDelegate : Bootstrapping Spring Data JPA repositories in DEFAULT mode.
2026-08-05T07:44:50.770Z  INFO 10968 --- [payment-processing-system] [main] .s.d.r.c.RepositoryConfigurationDelegate : Finished Spring Data repository scanning in 201 ms. Found 4 JPA repository interfaces.
2026-08-05T07:44:52.730Z  INFO 10968 --- [payment-processing-system] [main] o.s.boot.tomcat.TomcatWebServer          : Tomcat initialized with port 0 (http)
2026-08-05T07:44:52.776Z  INFO 10968 --- [payment-processing-system] [main] o.apache.catalina.core.StandardService   : Starting service [Tomcat]
2026-08-05T07:44:52.781Z  INFO 10968 --- [payment-processing-system] [main] o.apache.catalina.core.StandardEngine    : Starting Servlet engine: [Apache Tomcat/11.0.22]
2026-08-05T07:44:52.981Z  INFO 10968 --- [payment-processing-system] [main] b.w.c.s.WebApplicationContextInitializer : Root WebApplicationContext: initialization completed in 5627 ms
2026-08-05T07:44:53.819Z  INFO 10968 --- [payment-processing-system] [main] com.zaxxer.hikari.HikariDataSource       : HikariPool-1 - Starting...
2026-08-05T07:44:54.345Z  INFO 10968 --- [payment-processing-system] [main] com.zaxxer.hikari.pool.HikariPool        : HikariPool-1 - Added connection com.mysql.cj.jdbc.ConnectionImpl@39c65ffc
2026-08-05T07:44:54.350Z  INFO 10968 --- [payment-processing-system] [main] com.zaxxer.hikari.HikariDataSource       : HikariPool-1 - Start completed.
2026-08-05T07:44:54.470Z  INFO 10968 --- [payment-processing-system] [main] org.flywaydb.core.FlywayExecutor         : Database: jdbc:mysql://localhost:3306/payment_processing_db?createDatabaseIfNotExist=true&useSSL=false&allowPublicKeyRetrieval=true&serverTimezone=UTC (MySQL 8.0)
2026-08-05T07:44:54.661Z  INFO 10968 --- [payment-processing-system] [main] o.f.core.internal.command.DbValidate     : Successfully validated 5 migrations (execution time 00:00.074s)
2026-08-05T07:44:54.685Z  INFO 10968 --- [payment-processing-system] [main] o.f.core.internal.command.DbMigrate      : Current version of schema `payment_processing_db`: 5
2026-08-05T07:44:54.695Z  INFO 10968 --- [payment-processing-system] [main] o.f.core.internal.command.DbMigrate      : Schema `payment_processing_db` is up to date. No migration necessary.
2026-08-05T07:44:55.190Z  INFO 10968 --- [payment-processing-system] [main] org.hibernate.orm.jpa                    : HHH008540: Processing PersistenceUnitInfo [name: default]
2026-08-05T07:44:55.459Z  INFO 10968 --- [payment-processing-system] [main] org.hibernate.orm.core                   : HHH000001: Hibernate ORM core version 7.4.1.Final
2026-08-05T07:44:56.969Z  INFO 10968 --- [payment-processing-system] [main] o.s.o.j.p.SpringPersistenceUnitInfo      : No LoadTimeWeaver setup: ignoring JPA class transformer
2026-08-05T07:44:57.244Z  WARN 10968 --- [payment-processing-system] [main] org.hibernate.orm.deprecation            : HHH90000025: MySQLDialect does not need to be specified explicitly using 'hibernate.dialect' (remove the property setting and it will be selected by default)
2026-08-05T07:44:57.297Z  INFO 10968 --- [payment-processing-system] [main] org.hibernate.orm.connections.pooling    : HHH10001005: Database info:
	Database JDBC URL [jdbc:mysql://localhost:3306/payment_processing_db?createDatabaseIfNotExist=true&useSSL=false&allowPublicKeyRetrieval=true&serverTimezone=UTC]
	Database driver: MySQL Connector/J
	Database dialect: MySQLDialect
	Database version: 8.0.41
	Default catalog/schema: payment_processing_db/undefined
	Autocommit mode: undefined/unknown
	Isolation level: REPEATABLE_READ [default REPEATABLE_READ]
	JDBC fetch size: none
	Pool: DataSourceConnectionProvider
	Minimum pool size: undefined/unknown
	Maximum pool size: undefined/unknown
2026-08-05T07:45:00.871Z  INFO 10968 --- [payment-processing-system] [main] org.hibernate.orm.core                   : HHH000489: No JTA platform available (set 'hibernate.transaction.jta.platform' to enable JTA platform integration)
2026-08-05T07:45:01.036Z  INFO 10968 --- [payment-processing-system] [main] j.LocalContainerEntityManagerFactoryBean : Initialized JPA EntityManagerFactory for persistence unit 'default'
2026-08-05T07:45:01.315Z  INFO 10968 --- [payment-processing-system] [main] o.s.d.j.r.query.QueryEnhancerFactories   : Hibernate is in classpath; If applicable, HQL parser will be used.
2026-08-05T07:45:07.040Z  INFO 10968 --- [payment-processing-system] [main] o.s.boot.tomcat.TomcatWebServer          : Tomcat started on port 56317 (http) with context path '/'
2026-08-05T07:45:07.059Z  INFO 10968 --- [payment-processing-system] [main] c.p.p.PaymentIdempotencyIntegrationTests : Started PaymentIdempotencyIntegrationTests in 20.994 seconds (process running for 27.279)
2026-08-05T07:45:08.058Z  INFO 10968 --- [payment-processing-system] [http-nio-auto-1-exec-1] o.a.c.c.C.[Tomcat].[localhost].[/]       : Initializing Spring DispatcherServlet 'dispatcherServlet'
2026-08-05T07:45:08.062Z  INFO 10968 --- [payment-processing-system] [http-nio-auto-1-exec-1] o.s.web.servlet.DispatcherServlet        : Initializing Servlet 'dispatcherServlet'
2026-08-05T07:45:08.065Z  INFO 10968 --- [payment-processing-system] [http-nio-auto-1-exec-1] o.s.web.servlet.DispatcherServlet        : Completed initialization in 3 ms
2026-08-05T07:45:08.378Z  INFO 10968 --- [payment-processing-system] [http-nio-auto-1-exec-1] c.p.p.controller.PaymentController       : POST /api/payments/send - Initiating payment from account: 100000000001
2026-08-05T07:45:08.887Z  INFO 10968 --- [payment-processing-system] [http-nio-auto-1-exec-1] c.p.p.service.impl.PaymentServiceImpl    : Transaction created: TXN-217E8797057F4CA8BB7FCF13CAB26E20
2026-08-05T07:45:08.898Z  INFO 10968 --- [payment-processing-system] [http-nio-auto-1-exec-1] c.p.p.service.impl.PaymentServiceImpl    : Transaction validated: TXN-217E8797057F4CA8BB7FCF13CAB26E20
2026-08-05T07:45:08.904Z  INFO 10968 --- [payment-processing-system] [http-nio-auto-1-exec-1] c.p.p.service.impl.PaymentServiceImpl    : Transaction sent: TXN-217E8797057F4CA8BB7FCF13CAB26E20
2026-08-05T07:45:08.907Z  INFO 10968 --- [payment-processing-system] [http-nio-auto-1-exec-1] c.p.p.service.impl.PaymentServiceImpl    : Transaction completed: TXN-217E8797057F4CA8BB7FCF13CAB26E20
2026-08-05T07:45:09.322Z  INFO 10968 --- [payment-processing-system] [http-nio-auto-1-exec-3] c.p.p.controller.PaymentController       : POST /api/payments/send - Initiating payment from account: 100000000001
2026-08-05T07:45:09.346Z  INFO 10968 --- [payment-processing-system] [http-nio-auto-1-exec-3] c.p.p.service.impl.PaymentServiceImpl    : Returning existing transaction TXN-217E8797057F4CA8BB7FCF13CAB26E20 for idempotency key IDEMPTEST-98bf37659170443c82a6d1c58ea43d56
2026-08-05T07:45:09.473Z  INFO 10968 --- [payment-processing-system] [http-nio-auto-1-exec-2] c.p.p.controller.PaymentController       : POST /api/payments/send - Initiating payment from account: 100000000001
2026-08-05T07:45:09.506Z  INFO 10968 --- [payment-processing-system] [http-nio-auto-1-exec-2] c.p.p.service.impl.PaymentServiceImpl    : Transaction created: TXN-90AB5E0270014BBFA5CB7FF2B7E28536
2026-08-05T07:45:09.511Z  INFO 10968 --- [payment-processing-system] [http-nio-auto-1-exec-2] c.p.p.service.impl.PaymentServiceImpl    : Transaction validated: TXN-90AB5E0270014BBFA5CB7FF2B7E28536
2026-08-05T07:45:09.518Z  INFO 10968 --- [payment-processing-system] [http-nio-auto-1-exec-2] c.p.p.service.impl.PaymentServiceImpl    : Transaction sent: TXN-90AB5E0270014BBFA5CB7FF2B7E28536
2026-08-05T07:45:09.524Z  INFO 10968 --- [payment-processing-system] [http-nio-auto-1-exec-2] c.p.p.service.impl.PaymentServiceImpl    : Transaction completed: TXN-90AB5E0270014BBFA5CB7FF2B7E28536
2026-08-05T07:45:09.552Z  INFO 10968 --- [payment-processing-system] [http-nio-auto-1-exec-4] c.p.p.controller.PaymentController       : POST /api/payments/send - Initiating payment from account: 100000000001
2026-08-05T07:45:09.565Z ERROR 10968 --- [payment-processing-system] [http-nio-auto-1-exec-4] c.p.p.service.impl.PaymentServiceImpl    : Duplicate payment blocked: The provided idempotency key has already been used for a different payment request.
2026-08-05T07:45:09.582Z ERROR 10968 --- [payment-processing-system] [http-nio-auto-1-exec-4] c.p.p.exception.GlobalExceptionHandler   : Duplicate payment detected: The provided idempotency key has already been used for a different payment request.
2026-08-05T07:45:09.675Z  INFO 10968 --- [payment-processing-system] [main] t.c.s.AnnotationConfigContextLoaderUtils : Could not detect default configuration classes for test class [com.payment.payment_processing_system.PaymentProcessingSystemApplicationTests]: PaymentProcessingSystemApplicationTests does not declare any static, non-private, non-final, nested classes annotated with @Configuration.
2026-08-05T07:45:09.680Z  INFO 10968 --- [payment-processing-system] [main] .b.t.c.SpringBootTestContextBootstrapper : Found @SpringBootConfiguration com.payment.payment_processing_system.PaymentProcessingSystemApplication for test class com.payment.payment_processing_system.PaymentProcessingSystemApplicationTests
2026-08-05T07:45:09.683Z  INFO 10968 --- [payment-processing-system] [main] t.c.s.AnnotationConfigContextLoaderUtils : Could not detect default configuration classes for test class [com.payment.payment_processing_system.PaymentProcessingSystemApplicationTests]: PaymentProcessingSystemApplicationTests does not declare any static, non-private, non-final, nested classes annotated with @Configuration.
2026-08-05T07:45:09.704Z  INFO 10968 --- [payment-processing-system] [main] .b.t.c.SpringBootTestContextBootstrapper : Found @SpringBootConfiguration com.payment.payment_processing_system.PaymentProcessingSystemApplication for test class com.payment.payment_processing_system.PaymentProcessingSystemApplicationTests
2026-08-05T07:45:09.750Z  INFO 10968 --- [payment-processing-system] [main] o.s.b.d.r.RestartApplicationListener     : Restart disabled due to context in which it is running
2026-08-05T07:45:09.964Z  INFO 10968 --- [payment-processing-system] [main] .PaymentProcessingSystemApplicationTests : Starting PaymentProcessingSystemApplicationTests using Java 25.0.3 with PID 10968 (started by Administrator in C:\Users\Administrator\Desktop\project\107-InfiniteLoopers-PaymentProcessingSystem)
2026-08-05T07:45:09.965Z  INFO 10968 --- [payment-processing-system] [main] .PaymentProcessingSystemApplicationTests : No active profile set, falling back to 1 default profile: "default"
2026-08-05T07:45:10.529Z  INFO 10968 --- [payment-processing-system] [main] .s.d.r.c.RepositoryConfigurationDelegate : Bootstrapping Spring Data JPA repositories in DEFAULT mode.
2026-08-05T07:45:10.561Z  INFO 10968 --- [payment-processing-system] [main] .s.d.r.c.RepositoryConfigurationDelegate : Finished Spring Data repository scanning in 24 ms. Found 4 JPA repository interfaces.
2026-08-05T07:45:10.784Z  INFO 10968 --- [payment-processing-system] [main] com.zaxxer.hikari.HikariDataSource       : HikariPool-2 - Starting...
2026-08-05T07:45:10.795Z  INFO 10968 --- [payment-processing-system] [main] com.zaxxer.hikari.pool.HikariPool        : HikariPool-2 - Added connection com.mysql.cj.jdbc.ConnectionImpl@6dcc38ce
2026-08-05T07:45:10.796Z  INFO 10968 --- [payment-processing-system] [main] com.zaxxer.hikari.HikariDataSource       : HikariPool-2 - Start completed.
2026-08-05T07:45:10.798Z  INFO 10968 --- [payment-processing-system] [main] org.flywaydb.core.FlywayExecutor         : Database: jdbc:mysql://localhost:3306/payment_processing_db?createDatabaseIfNotExist=true&useSSL=false&allowPublicKeyRetrieval=true&serverTimezone=UTC (MySQL 8.0)
2026-08-05T07:45:10.846Z  INFO 10968 --- [payment-processing-system] [main] o.f.core.internal.command.DbValidate     : Successfully validated 5 migrations (execution time 00:00.015s)
2026-08-05T07:45:10.868Z  INFO 10968 --- [payment-processing-system] [main] o.f.core.internal.command.DbMigrate      : Current version of schema `payment_processing_db`: 5
2026-08-05T07:45:10.870Z  INFO 10968 --- [payment-processing-system] [main] o.f.core.internal.command.DbMigrate      : Schema `payment_processing_db` is up to date. No migration necessary.
2026-08-05T07:45:10.918Z  INFO 10968 --- [payment-processing-system] [main] org.hibernate.orm.jpa                    : HHH008540: Processing PersistenceUnitInfo [name: default]
2026-08-05T07:45:11.005Z  INFO 10968 --- [payment-processing-system] [main] o.s.o.j.p.SpringPersistenceUnitInfo      : No LoadTimeWeaver setup: ignoring JPA class transformer
2026-08-05T07:45:11.010Z  WARN 10968 --- [payment-processing-system] [main] org.hibernate.orm.deprecation            : HHH90000025: MySQLDialect does not need to be specified explicitly using 'hibernate.dialect' (remove the property setting and it will be selected by default)
2026-08-05T07:45:11.020Z  INFO 10968 --- [payment-processing-system] [main] org.hibernate.orm.connections.pooling    : HHH10001005: Database info:
	Database JDBC URL [jdbc:mysql://localhost:3306/payment_processing_db?createDatabaseIfNotExist=true&useSSL=false&allowPublicKeyRetrieval=true&serverTimezone=UTC]
	Database driver: MySQL Connector/J
	Database dialect: MySQLDialect
	Database version: 8.0.41
	Default catalog/schema: payment_processing_db/undefined
	Autocommit mode: undefined/unknown
	Isolation level: REPEATABLE_READ [default REPEATABLE_READ]
	JDBC fetch size: none
	Pool: DataSourceConnectionProvider
	Minimum pool size: undefined/unknown
	Maximum pool size: undefined/unknown
2026-08-05T07:45:11.190Z  INFO 10968 --- [payment-processing-system] [main] org.hibernate.orm.core                   : HHH000489: No JTA platform available (set 'hibernate.transaction.jta.platform' to enable JTA platform integration)
2026-08-05T07:45:11.208Z  INFO 10968 --- [payment-processing-system] [main] j.LocalContainerEntityManagerFactoryBean : Initialized JPA EntityManagerFactory for persistence unit 'default'
2026-08-05T07:45:11.765Z  INFO 10968 --- [payment-processing-system] [main] .PaymentProcessingSystemApplicationTests : Started PaymentProcessingSystemApplicationTests in 2.016 seconds (process running for 31.985)
2026-08-05T07:45:11.844Z  INFO 10968 --- [payment-processing-system] [SpringApplicationShutdownHook] o.s.boot.tomcat.GracefulShutdown         : Commencing graceful shutdown. Waiting for active requests to complete
2026-08-05T07:45:11.866Z  INFO 10968 --- [payment-processing-system] [tomcat-shutdown] o.s.boot.tomcat.GracefulShutdown         : Graceful shutdown complete
2026-08-05T07:45:12.125Z  INFO 10968 --- [payment-processing-system] [SpringApplicationShutdownHook] j.LocalContainerEntityManagerFactoryBean : Closing JPA EntityManagerFactory for persistence unit 'default'
2026-08-05T07:45:12.135Z  INFO 10968 --- [payment-processing-system] [SpringApplicationShutdownHook] com.zaxxer.hikari.HikariDataSource       : HikariPool-1 - Shutdown initiated...
2026-08-05T07:45:12.152Z  INFO 10968 --- [payment-processing-system] [SpringApplicationShutdownHook] com.zaxxer.hikari.HikariDataSource       : HikariPool-1 - Shutdown completed.
2026-08-05T07:45:12.173Z  INFO 10968 --- [payment-processing-system] [SpringApplicationShutdownHook] j.LocalContainerEntityManagerFactoryBean : Closing JPA EntityManagerFactory for persistence unit 'default'
2026-08-05T07:45:12.175Z  INFO 10968 --- [payment-processing-system] [SpringApplicationShutdownHook] com.zaxxer.hikari.HikariDataSource       : HikariPool-2 - Shutdown initiated...
2026-08-05T07:45:12.178Z  INFO 10968 --- [payment-processing-system] [SpringApplicationShutdownHook] com.zaxxer.hikari.HikariDataSource       : HikariPool-2 - Shutdown completed.
2026-08-05T08:51:19.238Z  INFO 11324 --- [payment-processing-system] [main] c.p.p.PaymentIdempotencyIntegrationTests : Starting PaymentIdempotencyIntegrationTests using Java 25.0.3 with PID 11324 (started by Administrator in C:\Users\Administrator\Desktop\project\107-InfiniteLoopers-PaymentProcessingSystem)
2026-08-05T08:51:19.243Z  INFO 11324 --- [payment-processing-system] [main] c.p.p.PaymentIdempotencyIntegrationTests : No active profile set, falling back to 1 default profile: "default"
2026-08-05T08:51:22.189Z  INFO 11324 --- [payment-processing-system] [main] .s.d.r.c.RepositoryConfigurationDelegate : Bootstrapping Spring Data JPA repositories in DEFAULT mode.
2026-08-05T08:51:22.379Z  INFO 11324 --- [payment-processing-system] [main] .s.d.r.c.RepositoryConfigurationDelegate : Finished Spring Data repository scanning in 163 ms. Found 4 JPA repository interfaces.
2026-08-05T08:51:23.946Z  INFO 11324 --- [payment-processing-system] [main] o.s.boot.tomcat.TomcatWebServer          : Tomcat initialized with port 0 (http)
2026-08-05T08:51:23.980Z  INFO 11324 --- [payment-processing-system] [main] o.apache.catalina.core.StandardService   : Starting service [Tomcat]
2026-08-05T08:51:23.982Z  INFO 11324 --- [payment-processing-system] [main] o.apache.catalina.core.StandardEngine    : Starting Servlet engine: [Apache Tomcat/11.0.22]
2026-08-05T08:51:24.113Z  INFO 11324 --- [payment-processing-system] [main] b.w.c.s.WebApplicationContextInitializer : Root WebApplicationContext: initialization completed in 4778 ms
2026-08-05T08:51:24.905Z  INFO 11324 --- [payment-processing-system] [main] com.zaxxer.hikari.HikariDataSource       : HikariPool-1 - Starting...
2026-08-05T08:51:25.437Z  INFO 11324 --- [payment-processing-system] [main] com.zaxxer.hikari.pool.HikariPool        : HikariPool-1 - Added connection com.mysql.cj.jdbc.ConnectionImpl@240af9dc
2026-08-05T08:51:25.444Z  INFO 11324 --- [payment-processing-system] [main] com.zaxxer.hikari.HikariDataSource       : HikariPool-1 - Start completed.
2026-08-05T08:51:25.544Z  INFO 11324 --- [payment-processing-system] [main] org.flywaydb.core.FlywayExecutor         : Database: jdbc:mysql://localhost:3306/payment_processing_db?createDatabaseIfNotExist=true&useSSL=false&allowPublicKeyRetrieval=true&serverTimezone=UTC (MySQL 8.0)
2026-08-05T08:51:25.795Z  INFO 11324 --- [payment-processing-system] [main] o.f.core.internal.command.DbValidate     : Successfully validated 5 migrations (execution time 00:00.100s)
2026-08-05T08:51:25.831Z  INFO 11324 --- [payment-processing-system] [main] o.f.core.internal.command.DbMigrate      : Current version of schema `payment_processing_db`: 5
2026-08-05T08:51:25.838Z  INFO 11324 --- [payment-processing-system] [main] o.f.core.internal.command.DbMigrate      : Schema `payment_processing_db` is up to date. No migration necessary.
2026-08-05T08:51:26.163Z  INFO 11324 --- [payment-processing-system] [main] org.hibernate.orm.jpa                    : HHH008540: Processing PersistenceUnitInfo [name: default]
2026-08-05T08:51:26.307Z  INFO 11324 --- [payment-processing-system] [main] org.hibernate.orm.core                   : HHH000001: Hibernate ORM core version 7.4.1.Final
2026-08-05T08:51:27.583Z  INFO 11324 --- [payment-processing-system] [main] o.s.o.j.p.SpringPersistenceUnitInfo      : No LoadTimeWeaver setup: ignoring JPA class transformer
2026-08-05T08:51:27.768Z  WARN 11324 --- [payment-processing-system] [main] org.hibernate.orm.deprecation            : HHH90000025: MySQLDialect does not need to be specified explicitly using 'hibernate.dialect' (remove the property setting and it will be selected by default)
2026-08-05T08:51:27.810Z  INFO 11324 --- [payment-processing-system] [main] org.hibernate.orm.connections.pooling    : HHH10001005: Database info:
	Database JDBC URL [jdbc:mysql://localhost:3306/payment_processing_db?createDatabaseIfNotExist=true&useSSL=false&allowPublicKeyRetrieval=true&serverTimezone=UTC]
	Database driver: MySQL Connector/J
	Database dialect: MySQLDialect
	Database version: 8.0.41
	Default catalog/schema: payment_processing_db/undefined
	Autocommit mode: undefined/unknown
	Isolation level: REPEATABLE_READ [default REPEATABLE_READ]
	JDBC fetch size: none
	Pool: DataSourceConnectionProvider
	Minimum pool size: undefined/unknown
	Maximum pool size: undefined/unknown
2026-08-05T08:51:31.002Z  INFO 11324 --- [payment-processing-system] [main] org.hibernate.orm.core                   : HHH000489: No JTA platform available (set 'hibernate.transaction.jta.platform' to enable JTA platform integration)
2026-08-05T08:51:31.170Z  INFO 11324 --- [payment-processing-system] [main] j.LocalContainerEntityManagerFactoryBean : Initialized JPA EntityManagerFactory for persistence unit 'default'
2026-08-05T08:51:31.435Z  INFO 11324 --- [payment-processing-system] [main] o.s.d.j.r.query.QueryEnhancerFactories   : Hibernate is in classpath; If applicable, HQL parser will be used.
2026-08-05T08:51:36.490Z  INFO 11324 --- [payment-processing-system] [main] o.s.boot.tomcat.TomcatWebServer          : Tomcat started on port 58994 (http) with context path '/'
2026-08-05T08:51:36.506Z  INFO 11324 --- [payment-processing-system] [main] c.p.p.PaymentIdempotencyIntegrationTests : Started PaymentIdempotencyIntegrationTests in 18.23 seconds (process running for 26.22)
2026-08-05T08:51:37.498Z  INFO 11324 --- [payment-processing-system] [http-nio-auto-1-exec-2] o.a.c.c.C.[Tomcat].[localhost].[/]       : Initializing Spring DispatcherServlet 'dispatcherServlet'
2026-08-05T08:51:37.499Z  INFO 11324 --- [payment-processing-system] [http-nio-auto-1-exec-2] o.s.web.servlet.DispatcherServlet        : Initializing Servlet 'dispatcherServlet'
2026-08-05T08:51:37.507Z  INFO 11324 --- [payment-processing-system] [http-nio-auto-1-exec-2] o.s.web.servlet.DispatcherServlet        : Completed initialization in 8 ms
2026-08-05T08:51:37.798Z  INFO 11324 --- [payment-processing-system] [http-nio-auto-1-exec-2] c.p.p.controller.PaymentController       : POST /api/payments/send - Initiating payment from account: 100000000001
2026-08-05T08:51:38.353Z  INFO 11324 --- [payment-processing-system] [http-nio-auto-1-exec-2] c.p.p.service.impl.PaymentServiceImpl    : Transaction created: TXN-B3BA7C6E3948499FAAF99EFB5AE5F7C8
2026-08-05T08:51:38.363Z  INFO 11324 --- [payment-processing-system] [http-nio-auto-1-exec-2] c.p.p.service.impl.PaymentServiceImpl    : Transaction validated: TXN-B3BA7C6E3948499FAAF99EFB5AE5F7C8
2026-08-05T08:51:38.369Z  INFO 11324 --- [payment-processing-system] [http-nio-auto-1-exec-2] c.p.p.service.impl.PaymentServiceImpl    : Transaction sent: TXN-B3BA7C6E3948499FAAF99EFB5AE5F7C8
2026-08-05T08:51:38.373Z  INFO 11324 --- [payment-processing-system] [http-nio-auto-1-exec-2] c.p.p.service.impl.PaymentServiceImpl    : Transaction completed: TXN-B3BA7C6E3948499FAAF99EFB5AE5F7C8
2026-08-05T08:51:38.799Z  INFO 11324 --- [payment-processing-system] [http-nio-auto-1-exec-3] c.p.p.controller.PaymentController       : POST /api/payments/send - Initiating payment from account: 100000000001
2026-08-05T08:51:38.821Z  INFO 11324 --- [payment-processing-system] [http-nio-auto-1-exec-3] c.p.p.service.impl.PaymentServiceImpl    : Returning existing transaction TXN-B3BA7C6E3948499FAAF99EFB5AE5F7C8 for idempotency key IDEMPTEST-6b5a3632f9c34f4f8f7c9353710e8dfa
2026-08-05T08:51:38.897Z  INFO 11324 --- [payment-processing-system] [http-nio-auto-1-exec-1] c.p.p.controller.PaymentController       : POST /api/payments/send - Initiating payment from account: 100000000001
2026-08-05T08:51:38.925Z  INFO 11324 --- [payment-processing-system] [http-nio-auto-1-exec-1] c.p.p.service.impl.PaymentServiceImpl    : Transaction created: TXN-C0F05D3DA6BA48D0AEEB81BE7CA1DB32
2026-08-05T08:51:38.929Z  INFO 11324 --- [payment-processing-system] [http-nio-auto-1-exec-1] c.p.p.service.impl.PaymentServiceImpl    : Transaction validated: TXN-C0F05D3DA6BA48D0AEEB81BE7CA1DB32
2026-08-05T08:51:38.934Z  INFO 11324 --- [payment-processing-system] [http-nio-auto-1-exec-1] c.p.p.service.impl.PaymentServiceImpl    : Transaction sent: TXN-C0F05D3DA6BA48D0AEEB81BE7CA1DB32
2026-08-05T08:51:38.938Z  INFO 11324 --- [payment-processing-system] [http-nio-auto-1-exec-1] c.p.p.service.impl.PaymentServiceImpl    : Transaction completed: TXN-C0F05D3DA6BA48D0AEEB81BE7CA1DB32
2026-08-05T08:51:38.965Z  INFO 11324 --- [payment-processing-system] [http-nio-auto-1-exec-4] c.p.p.controller.PaymentController       : POST /api/payments/send - Initiating payment from account: 100000000001
2026-08-05T08:51:38.976Z ERROR 11324 --- [payment-processing-system] [http-nio-auto-1-exec-4] c.p.p.service.impl.PaymentServiceImpl    : Duplicate payment blocked: The provided idempotency key has already been used for a different payment request.
2026-08-05T08:51:38.985Z ERROR 11324 --- [payment-processing-system] [http-nio-auto-1-exec-4] c.p.p.exception.GlobalExceptionHandler   : Duplicate payment detected: The provided idempotency key has already been used for a different payment request.
2026-08-05T08:51:39.054Z  INFO 11324 --- [payment-processing-system] [main] t.c.s.AnnotationConfigContextLoaderUtils : Could not detect default configuration classes for test class [com.payment.payment_processing_system.PaymentProcessingSystemApplicationTests]: PaymentProcessingSystemApplicationTests does not declare any static, non-private, non-final, nested classes annotated with @Configuration.
2026-08-05T08:51:39.057Z  INFO 11324 --- [payment-processing-system] [main] .b.t.c.SpringBootTestContextBootstrapper : Found @SpringBootConfiguration com.payment.payment_processing_system.PaymentProcessingSystemApplication for test class com.payment.payment_processing_system.PaymentProcessingSystemApplicationTests
2026-08-05T08:51:39.062Z  INFO 11324 --- [payment-processing-system] [main] t.c.s.AnnotationConfigContextLoaderUtils : Could not detect default configuration classes for test class [com.payment.payment_processing_system.PaymentProcessingSystemApplicationTests]: PaymentProcessingSystemApplicationTests does not declare any static, non-private, non-final, nested classes annotated with @Configuration.
2026-08-05T08:51:39.065Z  INFO 11324 --- [payment-processing-system] [main] .b.t.c.SpringBootTestContextBootstrapper : Found @SpringBootConfiguration com.payment.payment_processing_system.PaymentProcessingSystemApplication for test class com.payment.payment_processing_system.PaymentProcessingSystemApplicationTests
2026-08-05T08:51:39.094Z  INFO 11324 --- [payment-processing-system] [main] o.s.b.d.r.RestartApplicationListener     : Restart disabled due to context in which it is running
2026-08-05T08:51:39.168Z  INFO 11324 --- [payment-processing-system] [main] .PaymentProcessingSystemApplicationTests : Starting PaymentProcessingSystemApplicationTests using Java 25.0.3 with PID 11324 (started by Administrator in C:\Users\Administrator\Desktop\project\107-InfiniteLoopers-PaymentProcessingSystem)
2026-08-05T08:51:39.170Z  INFO 11324 --- [payment-processing-system] [main] .PaymentProcessingSystemApplicationTests : No active profile set, falling back to 1 default profile: "default"
2026-08-05T08:51:39.804Z  INFO 11324 --- [payment-processing-system] [main] .s.d.r.c.RepositoryConfigurationDelegate : Bootstrapping Spring Data JPA repositories in DEFAULT mode.
2026-08-05T08:51:39.843Z  INFO 11324 --- [payment-processing-system] [main] .s.d.r.c.RepositoryConfigurationDelegate : Finished Spring Data repository scanning in 35 ms. Found 4 JPA repository interfaces.
2026-08-05T08:51:40.039Z  INFO 11324 --- [payment-processing-system] [main] com.zaxxer.hikari.HikariDataSource       : HikariPool-2 - Starting...
2026-08-05T08:51:40.049Z  INFO 11324 --- [payment-processing-system] [main] com.zaxxer.hikari.pool.HikariPool        : HikariPool-2 - Added connection com.mysql.cj.jdbc.ConnectionImpl@62227920
2026-08-05T08:51:40.049Z  INFO 11324 --- [payment-processing-system] [main] com.zaxxer.hikari.HikariDataSource       : HikariPool-2 - Start completed.
2026-08-05T08:51:40.052Z  INFO 11324 --- [payment-processing-system] [main] org.flywaydb.core.FlywayExecutor         : Database: jdbc:mysql://localhost:3306/payment_processing_db?createDatabaseIfNotExist=true&useSSL=false&allowPublicKeyRetrieval=true&serverTimezone=UTC (MySQL 8.0)
2026-08-05T08:51:40.115Z  INFO 11324 --- [payment-processing-system] [main] o.f.core.internal.command.DbValidate     : Successfully validated 5 migrations (execution time 00:00.024s)
2026-08-05T08:51:40.134Z  INFO 11324 --- [payment-processing-system] [main] o.f.core.internal.command.DbMigrate      : Current version of schema `payment_processing_db`: 5
2026-08-05T08:51:40.136Z  INFO 11324 --- [payment-processing-system] [main] o.f.core.internal.command.DbMigrate      : Schema `payment_processing_db` is up to date. No migration necessary.
2026-08-05T08:51:40.223Z  INFO 11324 --- [payment-processing-system] [main] org.hibernate.orm.jpa                    : HHH008540: Processing PersistenceUnitInfo [name: default]
2026-08-05T08:51:40.298Z  INFO 11324 --- [payment-processing-system] [main] o.s.o.j.p.SpringPersistenceUnitInfo      : No LoadTimeWeaver setup: ignoring JPA class transformer
2026-08-05T08:51:40.307Z  WARN 11324 --- [payment-processing-system] [main] org.hibernate.orm.deprecation            : HHH90000025: MySQLDialect does not need to be specified explicitly using 'hibernate.dialect' (remove the property setting and it will be selected by default)
2026-08-05T08:51:40.311Z  INFO 11324 --- [payment-processing-system] [main] org.hibernate.orm.connections.pooling    : HHH10001005: Database info:
	Database JDBC URL [jdbc:mysql://localhost:3306/payment_processing_db?createDatabaseIfNotExist=true&useSSL=false&allowPublicKeyRetrieval=true&serverTimezone=UTC]
	Database driver: MySQL Connector/J
	Database dialect: MySQLDialect
	Database version: 8.0.41
	Default catalog/schema: payment_processing_db/undefined
	Autocommit mode: undefined/unknown
	Isolation level: REPEATABLE_READ [default REPEATABLE_READ]
	JDBC fetch size: none
	Pool: DataSourceConnectionProvider
	Minimum pool size: undefined/unknown
	Maximum pool size: undefined/unknown
2026-08-05T08:51:40.506Z  INFO 11324 --- [payment-processing-system] [main] org.hibernate.orm.core                   : HHH000489: No JTA platform available (set 'hibernate.transaction.jta.platform' to enable JTA platform integration)
2026-08-05T08:51:40.527Z  INFO 11324 --- [payment-processing-system] [main] j.LocalContainerEntityManagerFactoryBean : Initialized JPA EntityManagerFactory for persistence unit 'default'
2026-08-05T08:51:41.136Z  INFO 11324 --- [payment-processing-system] [main] .PaymentProcessingSystemApplicationTests : Started PaymentProcessingSystemApplicationTests in 2.042 seconds (process running for 30.85)
2026-08-05T08:51:43.975Z  INFO 11324 --- [payment-processing-system] [main] c.p.p.service.impl.PaymentServiceImpl    : Transaction created: TXN-B9789A25D4F94096BA2ED04146D0D9E7
2026-08-05T08:51:43.977Z  INFO 11324 --- [payment-processing-system] [main] c.p.p.service.impl.PaymentServiceImpl    : Transaction validated: TXN-B9789A25D4F94096BA2ED04146D0D9E7
2026-08-05T08:51:43.979Z  INFO 11324 --- [payment-processing-system] [main] c.p.p.service.impl.PaymentServiceImpl    : Transaction sent: TXN-B9789A25D4F94096BA2ED04146D0D9E7
2026-08-05T08:51:43.983Z  INFO 11324 --- [payment-processing-system] [main] c.p.p.service.impl.PaymentServiceImpl    : Transaction completed: TXN-B9789A25D4F94096BA2ED04146D0D9E7
2026-08-05T08:51:44.018Z ERROR 11324 --- [payment-processing-system] [main] c.p.p.service.impl.PaymentServiceImpl    : Payment failed during validation [InvalidPaymentException]: Idempotency key must be 8-100 characters and contain only letters, digits, underscores, or hyphens.
2026-08-05T08:51:44.041Z  INFO 11324 --- [payment-processing-system] [main] c.p.p.service.impl.PaymentServiceImpl    : Returning existing transaction TXN-REPLAY for idempotency key IDEMPKEY123
2026-08-05T08:51:44.240Z  INFO 11324 --- [payment-processing-system] [main] c.p.p.service.impl.PaymentServiceImpl    : Retrying transaction: TXN-FAILED-1 (attempt #2)
2026-08-05T08:51:44.313Z  INFO 11324 --- [payment-processing-system] [main] c.p.p.service.impl.SupportServiceImpl    : Building support dashboard statistics
2026-08-05T08:51:44.315Z  INFO 11324 --- [payment-processing-system] [main] c.p.p.service.impl.SupportServiceImpl    : Dashboard: customers=10, transactions=40, successful=35, failed=5
2026-08-05T08:51:44.326Z  INFO 11324 --- [payment-processing-system] [main] c.p.p.service.impl.SupportServiceImpl    : Fetching transactions for account: 404
2026-08-05T08:51:44.335Z  INFO 11324 --- [payment-processing-system] [main] c.p.p.service.impl.SupportServiceImpl    : Fetching transactions with status: COMPLETED
2026-08-05T08:51:44.366Z  INFO 11324 --- [payment-processing-system] [main] c.p.p.service.impl.SupportServiceImpl    : Building support dashboard statistics
2026-08-05T08:51:44.367Z  INFO 11324 --- [payment-processing-system] [main] c.p.p.service.impl.SupportServiceImpl    : Dashboard: customers=0, transactions=0, successful=0, failed=0
2026-08-05T08:51:44.379Z  INFO 11324 --- [payment-processing-system] [main] c.p.p.service.impl.SupportServiceImpl    : Fetching all transactions for support dashboard
2026-08-05T08:51:44.404Z  INFO 11324 --- [payment-processing-system] [main] c.p.p.service.impl.SupportServiceImpl    : Fetching transactions for account: 100000000001
2026-08-05T08:51:44.894Z  WARN 11324 --- [payment-processing-system] [main] c.p.p.v.StatusTransitionValidator        : Invalid status transition for transaction [TXN-002]: CREATED → SENT is not allowed. Allowed transitions from CREATED: [VALIDATED, FAILED]
2026-08-05T08:51:44.923Z  WARN 11324 --- [payment-processing-system] [main] c.p.p.v.StatusTransitionValidator        : Invalid status transition for transaction [TXN-002]: CREATED → COMPLETED is not allowed. Allowed transitions from CREATED: [VALIDATED, FAILED]
2026-08-05T08:51:44.928Z  WARN 11324 --- [payment-processing-system] [main] c.p.p.v.StatusTransitionValidator        : Invalid status transition for transaction [TXN-002]: VALIDATED → CREATED is not allowed. Allowed transitions from VALIDATED: [SENT, FAILED]
2026-08-05T08:51:44.954Z  WARN 11324 --- [payment-processing-system] [main] c.p.p.v.StatusTransitionValidator        : Invalid status transition for transaction [TXN-002]: VALIDATED → COMPLETED is not allowed. Allowed transitions from VALIDATED: [SENT, FAILED]
2026-08-05T08:51:44.967Z  WARN 11324 --- [payment-processing-system] [main] c.p.p.v.StatusTransitionValidator        : Invalid status transition for transaction [TXN-002]: SENT → CREATED is not allowed. Allowed transitions from SENT: [COMPLETED, FAILED]
2026-08-05T08:51:44.974Z  WARN 11324 --- [payment-processing-system] [main] c.p.p.v.StatusTransitionValidator        : Invalid status transition for transaction [TXN-002]: SENT → VALIDATED is not allowed. Allowed transitions from SENT: [COMPLETED, FAILED]
2026-08-05T08:51:44.994Z  WARN 11324 --- [payment-processing-system] [main] c.p.p.v.StatusTransitionValidator        : Invalid status transition for transaction [TXN-002]: FAILED → SENT is not allowed. Allowed transitions from FAILED: [CREATED]
2026-08-05T08:51:45.005Z  WARN 11324 --- [payment-processing-system] [main] c.p.p.v.StatusTransitionValidator        : Invalid status transition for transaction [TXN-002]: FAILED → COMPLETED is not allowed. Allowed transitions from FAILED: [CREATED]
2026-08-05T08:51:45.017Z  WARN 11324 --- [payment-processing-system] [main] c.p.p.v.StatusTransitionValidator        : Invalid status transition for transaction [TXN-002]: COMPLETED → CREATED is not allowed. Allowed transitions from COMPLETED: none (terminal state)
2026-08-05T08:51:45.084Z  WARN 11324 --- [payment-processing-system] [main] c.p.p.v.StatusTransitionValidator        : Invalid status transition for transaction [TXN-003]: COMPLETED → CREATED is not allowed. Allowed transitions from COMPLETED: none (terminal state)
2026-08-05T08:51:45.331Z  INFO 11324 --- [payment-processing-system] [SpringApplicationShutdownHook] o.s.boot.tomcat.GracefulShutdown         : Commencing graceful shutdown. Waiting for active requests to complete
2026-08-05T08:51:45.365Z  INFO 11324 --- [payment-processing-system] [tomcat-shutdown] o.s.boot.tomcat.GracefulShutdown         : Graceful shutdown complete
2026-08-05T08:51:45.769Z  INFO 11324 --- [payment-processing-system] [SpringApplicationShutdownHook] j.LocalContainerEntityManagerFactoryBean : Closing JPA EntityManagerFactory for persistence unit 'default'
2026-08-05T08:51:45.776Z  INFO 11324 --- [payment-processing-system] [SpringApplicationShutdownHook] com.zaxxer.hikari.HikariDataSource       : HikariPool-1 - Shutdown initiated...
2026-08-05T08:51:45.799Z  INFO 11324 --- [payment-processing-system] [SpringApplicationShutdownHook] com.zaxxer.hikari.HikariDataSource       : HikariPool-1 - Shutdown completed.
2026-08-05T08:51:45.839Z  INFO 11324 --- [payment-processing-system] [SpringApplicationShutdownHook] j.LocalContainerEntityManagerFactoryBean : Closing JPA EntityManagerFactory for persistence unit 'default'
2026-08-05T08:51:45.841Z  INFO 11324 --- [payment-processing-system] [SpringApplicationShutdownHook] com.zaxxer.hikari.HikariDataSource       : HikariPool-2 - Shutdown initiated...
2026-08-05T08:51:45.845Z  INFO 11324 --- [payment-processing-system] [SpringApplicationShutdownHook] com.zaxxer.hikari.HikariDataSource       : HikariPool-2 - Shutdown completed.
2026-08-05T09:03:11.038Z  INFO 8536 --- [payment-processing-system] [main] c.p.p.c.PaymentControllerIntegrationTest : Starting PaymentControllerIntegrationTest using Java 25.0.3 with PID 8536 (started by Administrator in C:\Users\Administrator\Desktop\project\107-InfiniteLoopers-PaymentProcessingSystem)
2026-08-05T09:03:11.048Z  INFO 8536 --- [payment-processing-system] [main] c.p.p.c.PaymentControllerIntegrationTest : No active profile set, falling back to 1 default profile: "default"
2026-08-05T09:03:15.144Z  INFO 8536 --- [payment-processing-system] [main] .s.d.r.c.RepositoryConfigurationDelegate : Bootstrapping Spring Data JPA repositories in DEFAULT mode.
2026-08-05T09:03:15.465Z  INFO 8536 --- [payment-processing-system] [main] .s.d.r.c.RepositoryConfigurationDelegate : Finished Spring Data repository scanning in 263 ms. Found 4 JPA repository interfaces.
2026-08-05T09:03:19.666Z  INFO 8536 --- [payment-processing-system] [main] o.s.boot.tomcat.TomcatWebServer          : Tomcat initialized with port 0 (http)
2026-08-05T09:03:19.722Z  INFO 8536 --- [payment-processing-system] [main] o.apache.catalina.core.StandardService   : Starting service [Tomcat]
2026-08-05T09:03:19.724Z  INFO 8536 --- [payment-processing-system] [main] o.apache.catalina.core.StandardEngine    : Starting Servlet engine: [Apache Tomcat/11.0.22]
2026-08-05T09:03:19.911Z  INFO 8536 --- [payment-processing-system] [main] b.w.c.s.WebApplicationContextInitializer : Root WebApplicationContext: initialization completed in 8745 ms
2026-08-05T09:03:20.877Z  INFO 8536 --- [payment-processing-system] [main] com.zaxxer.hikari.HikariDataSource       : HikariPool-1 - Starting...
2026-08-05T09:03:21.475Z  INFO 8536 --- [payment-processing-system] [main] com.zaxxer.hikari.pool.HikariPool        : HikariPool-1 - Added connection com.mysql.cj.jdbc.ConnectionImpl@2020083c
2026-08-05T09:03:21.481Z  INFO 8536 --- [payment-processing-system] [main] com.zaxxer.hikari.HikariDataSource       : HikariPool-1 - Start completed.
2026-08-05T09:03:21.591Z  INFO 8536 --- [payment-processing-system] [main] org.flywaydb.core.FlywayExecutor         : Database: jdbc:mysql://localhost:3306/payment_processing_db?createDatabaseIfNotExist=true&useSSL=false&allowPublicKeyRetrieval=true&serverTimezone=UTC (MySQL 8.0)
2026-08-05T09:03:21.817Z  INFO 8536 --- [payment-processing-system] [main] o.f.core.internal.command.DbValidate     : Successfully validated 5 migrations (execution time 00:00.085s)
2026-08-05T09:03:21.853Z  INFO 8536 --- [payment-processing-system] [main] o.f.core.internal.command.DbMigrate      : Current version of schema `payment_processing_db`: 5
2026-08-05T09:03:21.862Z  INFO 8536 --- [payment-processing-system] [main] o.f.core.internal.command.DbMigrate      : Schema `payment_processing_db` is up to date. No migration necessary.
2026-08-05T09:03:22.207Z  INFO 8536 --- [payment-processing-system] [main] org.hibernate.orm.jpa                    : HHH008540: Processing PersistenceUnitInfo [name: default]
2026-08-05T09:03:22.409Z  INFO 8536 --- [payment-processing-system] [main] org.hibernate.orm.core                   : HHH000001: Hibernate ORM core version 7.4.1.Final
2026-08-05T09:03:23.355Z  INFO 8536 --- [payment-processing-system] [main] o.s.o.j.p.SpringPersistenceUnitInfo      : No LoadTimeWeaver setup: ignoring JPA class transformer
2026-08-05T09:03:23.537Z  WARN 8536 --- [payment-processing-system] [main] org.hibernate.orm.deprecation            : HHH90000025: MySQLDialect does not need to be specified explicitly using 'hibernate.dialect' (remove the property setting and it will be selected by default)
2026-08-05T09:03:23.580Z  INFO 8536 --- [payment-processing-system] [main] org.hibernate.orm.connections.pooling    : HHH10001005: Database info:
	Database JDBC URL [jdbc:mysql://localhost:3306/payment_processing_db?createDatabaseIfNotExist=true&useSSL=false&allowPublicKeyRetrieval=true&serverTimezone=UTC]
	Database driver: MySQL Connector/J
	Database dialect: MySQLDialect
	Database version: 8.0.41
	Default catalog/schema: payment_processing_db/undefined
	Autocommit mode: undefined/unknown
	Isolation level: REPEATABLE_READ [default REPEATABLE_READ]
	JDBC fetch size: none
	Pool: DataSourceConnectionProvider
	Minimum pool size: undefined/unknown
	Maximum pool size: undefined/unknown
2026-08-05T09:03:26.493Z  INFO 8536 --- [payment-processing-system] [main] org.hibernate.orm.core                   : HHH000489: No JTA platform available (set 'hibernate.transaction.jta.platform' to enable JTA platform integration)
2026-08-05T09:03:26.690Z  INFO 8536 --- [payment-processing-system] [main] j.LocalContainerEntityManagerFactoryBean : Initialized JPA EntityManagerFactory for persistence unit 'default'
2026-08-05T09:03:26.917Z  INFO 8536 --- [payment-processing-system] [main] o.s.d.j.r.query.QueryEnhancerFactories   : Hibernate is in classpath; If applicable, HQL parser will be used.
2026-08-05T09:03:31.810Z  INFO 8536 --- [payment-processing-system] [main] o.s.boot.tomcat.TomcatWebServer          : Tomcat started on port 54531 (http) with context path '/'
2026-08-05T09:03:31.845Z  INFO 8536 --- [payment-processing-system] [main] c.p.p.c.PaymentControllerIntegrationTest : Started PaymentControllerIntegrationTest in 22.53 seconds (process running for 28.916)
2026-08-05T09:03:31.870Z  WARN 8536 --- [payment-processing-system] [main] o.s.test.context.TestContextManager      : Caught exception while allowing TestExecutionListener [org.springframework.test.context.support.DependencyInjectionTestExecutionListener] to prepare test instance [com.payment.payment_processing_system.controller.PaymentControllerIntegrationTest@567e96cb]

org.springframework.beans.factory.UnsatisfiedDependencyException: Error creating bean with name 'com.payment.payment_processing_system.controller.PaymentControllerIntegrationTest': Unsatisfied dependency expressed through field 'objectMapper': No qualifying bean of type 'com.fasterxml.jackson.databind.ObjectMapper' available: expected at least 1 bean which qualifies as autowire candidate. Dependency annotations: {@org.springframework.beans.factory.annotation.Autowired(required=true)}
	at org.springframework.beans.factory.annotation.AutowiredAnnotationBeanPostProcessor$AutowiredFieldElement.resolveFieldValue(AutowiredAnnotationBeanPostProcessor.java:767) ~[spring-beans-7.0.8.jar:7.0.8]
	at org.springframework.beans.factory.annotation.AutowiredAnnotationBeanPostProcessor$AutowiredFieldElement.inject(AutowiredAnnotationBeanPostProcessor.java:748) ~[spring-beans-7.0.8.jar:7.0.8]
	at org.springframework.beans.factory.annotation.InjectionMetadata.inject(InjectionMetadata.java:146) ~[spring-beans-7.0.8.jar:7.0.8]
	at org.springframework.beans.factory.annotation.AutowiredAnnotationBeanPostProcessor.postProcessProperties(AutowiredAnnotationBeanPostProcessor.java:493) ~[spring-beans-7.0.8.jar:7.0.8]
	at org.springframework.beans.factory.support.AbstractAutowireCapableBeanFactory.populateBean(AbstractAutowireCapableBeanFactory.java:1444) ~[spring-beans-7.0.8.jar:7.0.8]
	at org.springframework.beans.factory.support.AbstractAutowireCapableBeanFactory.autowireBeanProperties(AbstractAutowireCapableBeanFactory.java:402) ~[spring-beans-7.0.8.jar:7.0.8]
	at org.springframework.test.context.support.DependencyInjectionTestExecutionListener.injectDependencies(DependencyInjectionTestExecutionListener.java:157) ~[spring-test-7.0.8.jar:7.0.8]
	at org.springframework.test.context.support.DependencyInjectionTestExecutionListener.prepareTestInstance(DependencyInjectionTestExecutionListener.java:111) ~[spring-test-7.0.8.jar:7.0.8]
	at org.springframework.test.context.TestContextManager.prepareTestInstance(TestContextManager.java:260) ~[spring-test-7.0.8.jar:7.0.8]
	at org.springframework.test.context.junit.jupiter.SpringExtension.postProcessTestInstance(SpringExtension.java:242) ~[spring-test-7.0.8.jar:7.0.8]
	at org.junit.jupiter.engine.descriptor.ClassBasedTestDescriptor.lambda$invokeTestInstancePostProcessors$1(ClassBasedTestDescriptor.java:423) ~[junit-jupiter-engine-6.0.3.jar:6.0.3]
	at org.junit.jupiter.engine.descriptor.ClassBasedTestDescriptor.executeAndMaskThrowable(ClassBasedTestDescriptor.java:428) ~[junit-jupiter-engine-6.0.3.jar:6.0.3]
	at org.junit.jupiter.engine.descriptor.ClassBasedTestDescriptor.lambda$invokeTestInstancePostProcessors$0(ClassBasedTestDescriptor.java:422) ~[junit-jupiter-engine-6.0.3.jar:6.0.3]
	at java.base/java.util.stream.ForEachOps$ForEachOp$OfRef.accept(ForEachOps.java:186) ~[na:na]
	at java.base/java.util.stream.ReferencePipeline$3$1.accept(ReferencePipeline.java:214) ~[na:na]
	at java.base/java.util.stream.ReferencePipeline$2$1.accept(ReferencePipeline.java:197) ~[na:na]
	at java.base/java.util.stream.ReferencePipeline$3$1.accept(ReferencePipeline.java:214) ~[na:na]
	at java.base/java.util.ArrayList$ArrayListSpliterator.forEachRemaining(ArrayList.java:1716) ~[na:na]
	at java.base/java.util.stream.AbstractPipeline.copyInto(AbstractPipeline.java:570) ~[na:na]
	at java.base/java.util.stream.AbstractPipeline.wrapAndCopyInto(AbstractPipeline.java:560) ~[na:na]
	at java.base/java.util.stream.ForEachOps$ForEachOp.evaluateSequential(ForEachOps.java:153) ~[na:na]
	at java.base/java.util.stream.ForEachOps$ForEachOp$OfRef.evaluateSequential(ForEachOps.java:176) ~[na:na]
	at java.base/java.util.stream.AbstractPipeline.evaluate(AbstractPipeline.java:265) ~[na:na]
	at java.base/java.util.stream.ReferencePipeline.forEach(ReferencePipeline.java:632) ~[na:na]
	at org.junit.jupiter.engine.descriptor.ClassBasedTestDescriptor.invokeTestInstancePostProcessors(ClassBasedTestDescriptor.java:422) ~[junit-jupiter-engine-6.0.3.jar:6.0.3]
	at org.junit.jupiter.engine.descriptor.ClassBasedTestDescriptor.lambda$instantiateAndPostProcessTestInstance$0(ClassBasedTestDescriptor.java:334) ~[junit-jupiter-engine-6.0.3.jar:6.0.3]
	at org.junit.platform.engine.support.hierarchical.ThrowableCollector.execute(ThrowableCollector.java:74) ~[junit-platform-engine-6.0.3.jar:6.0.3]
	at org.junit.jupiter.engine.descriptor.ClassBasedTestDescriptor.instantiateAndPostProcessTestInstance(ClassBasedTestDescriptor.java:333) ~[junit-jupiter-engine-6.0.3.jar:6.0.3]
	at org.junit.jupiter.engine.descriptor.ClassBasedTestDescriptor.lambda$testInstancesProvider$1(ClassBasedTestDescriptor.java:322) ~[junit-jupiter-engine-6.0.3.jar:6.0.3]
	at java.base/java.util.Optional.orElseGet(Optional.java:364) ~[na:na]
	at org.junit.jupiter.engine.descriptor.ClassBasedTestDescriptor.lambda$testInstancesProvider$0(ClassBasedTestDescriptor.java:321) ~[junit-jupiter-engine-6.0.3.jar:6.0.3]
	at org.junit.jupiter.engine.execution.TestInstancesProvider.getTestInstances(TestInstancesProvider.java:27) ~[junit-jupiter-engine-6.0.3.jar:6.0.3]
	at org.junit.jupiter.engine.descriptor.TestMethodTestDescriptor.lambda$prepare$0(TestMethodTestDescriptor.java:127) ~[junit-jupiter-engine-6.0.3.jar:6.0.3]
	at org.junit.platform.engine.support.hierarchical.ThrowableCollector.execute(ThrowableCollector.java:74) ~[junit-platform-engine-6.0.3.jar:6.0.3]
	at org.junit.jupiter.engine.descriptor.TestMethodTestDescriptor.prepare(TestMethodTestDescriptor.java:126) ~[junit-jupiter-engine-6.0.3.jar:6.0.3]
	at org.junit.jupiter.engine.descriptor.TestMethodTestDescriptor.prepare(TestMethodTestDescriptor.java:70) ~[junit-jupiter-engine-6.0.3.jar:6.0.3]
	at org.junit.platform.engine.support.hierarchical.NodeTestTask.lambda$prepare$0(NodeTestTask.java:144) ~[junit-platform-engine-6.0.3.jar:6.0.3]
	at org.junit.platform.engine.support.hierarchical.ThrowableCollector.execute(ThrowableCollector.java:74) ~[junit-platform-engine-6.0.3.jar:6.0.3]
	at org.junit.platform.engine.support.hierarchical.NodeTestTask.prepare(NodeTestTask.java:144) ~[junit-platform-engine-6.0.3.jar:6.0.3]
	at org.junit.platform.engine.support.hierarchical.NodeTestTask.execute(NodeTestTask.java:110) ~[junit-platform-engine-6.0.3.jar:6.0.3]
	at java.base/java.util.ArrayList.forEach(ArrayList.java:1604) ~[na:na]
	at org.junit.platform.engine.support.hierarchical.SameThreadHierarchicalTestExecutorService.invokeAll(SameThreadHierarchicalTestExecutorService.java:42) ~[junit-platform-engine-6.0.3.jar:6.0.3]
	at org.junit.platform.engine.support.hierarchical.NodeTestTask.lambda$executeRecursively$2(NodeTestTask.java:180) ~[junit-platform-engine-6.0.3.jar:6.0.3]
	at org.junit.platform.engine.support.hierarchical.ThrowableCollector.execute(ThrowableCollector.java:74) ~[junit-platform-engine-6.0.3.jar:6.0.3]
	at org.junit.platform.engine.support.hierarchical.NodeTestTask.lambda$executeRecursively$1(NodeTestTask.java:166) ~[junit-platform-engine-6.0.3.jar:6.0.3]
	at org.junit.platform.engine.support.hierarchical.Node.around(Node.java:138) ~[junit-platform-engine-6.0.3.jar:6.0.3]
	at org.junit.platform.engine.support.hierarchical.NodeTestTask.lambda$executeRecursively$0(NodeTestTask.java:164) ~[junit-platform-engine-6.0.3.jar:6.0.3]
	at org.junit.platform.engine.support.hierarchical.ThrowableCollector.execute(ThrowableCollector.java:74) ~[junit-platform-engine-6.0.3.jar:6.0.3]
	at org.junit.platform.engine.support.hierarchical.NodeTestTask.executeRecursively(NodeTestTask.java:163) ~[junit-platform-engine-6.0.3.jar:6.0.3]
	at org.junit.platform.engine.support.hierarchical.NodeTestTask.execute(NodeTestTask.java:116) ~[junit-platform-engine-6.0.3.jar:6.0.3]
	at java.base/java.util.ArrayList.forEach(ArrayList.java:1604) ~[na:na]
	at org.junit.platform.engine.support.hierarchical.SameThreadHierarchicalTestExecutorService.invokeAll(SameThreadHierarchicalTestExecutorService.java:42) ~[junit-platform-engine-6.0.3.jar:6.0.3]
	at org.junit.platform.engine.support.hierarchical.NodeTestTask.lambda$executeRecursively$2(NodeTestTask.java:180) ~[junit-platform-engine-6.0.3.jar:6.0.3]
	at org.junit.platform.engine.support.hierarchical.ThrowableCollector.execute(ThrowableCollector.java:74) ~[junit-platform-engine-6.0.3.jar:6.0.3]
	at org.junit.platform.engine.support.hierarchical.NodeTestTask.lambda$executeRecursively$1(NodeTestTask.java:166) ~[junit-platform-engine-6.0.3.jar:6.0.3]
	at org.junit.platform.engine.support.hierarchical.Node.around(Node.java:138) ~[junit-platform-engine-6.0.3.jar:6.0.3]
	at org.junit.platform.engine.support.hierarchical.NodeTestTask.lambda$executeRecursively$0(NodeTestTask.java:164) ~[junit-platform-engine-6.0.3.jar:6.0.3]
	at org.junit.platform.engine.support.hierarchical.ThrowableCollector.execute(ThrowableCollector.java:74) ~[junit-platform-engine-6.0.3.jar:6.0.3]
	at org.junit.platform.engine.support.hierarchical.NodeTestTask.executeRecursively(NodeTestTask.java:163) ~[junit-platform-engine-6.0.3.jar:6.0.3]
	at org.junit.platform.engine.support.hierarchical.NodeTestTask.execute(NodeTestTask.java:116) ~[junit-platform-engine-6.0.3.jar:6.0.3]
	at org.junit.platform.engine.support.hierarchical.SameThreadHierarchicalTestExecutorService.submit(SameThreadHierarchicalTestExecutorService.java:36) ~[junit-platform-engine-6.0.3.jar:6.0.3]
	at org.junit.platform.engine.support.hierarchical.HierarchicalTestExecutor.execute(HierarchicalTestExecutor.java:52) ~[junit-platform-engine-6.0.3.jar:6.0.3]
	at org.junit.platform.engine.support.hierarchical.HierarchicalTestEngine.execute(HierarchicalTestEngine.java:58) ~[junit-platform-engine-6.0.3.jar:6.0.3]
	at org.junit.platform.launcher.core.EngineExecutionOrchestrator.executeEngine(EngineExecutionOrchestrator.java:246) ~[junit-platform-launcher-6.0.3.jar:6.0.3]
	at org.junit.platform.launcher.core.EngineExecutionOrchestrator.failOrExecuteEngine(EngineExecutionOrchestrator.java:218) ~[junit-platform-launcher-6.0.3.jar:6.0.3]
	at org.junit.platform.launcher.core.EngineExecutionOrchestrator.execute(EngineExecutionOrchestrator.java:179) ~[junit-platform-launcher-6.0.3.jar:6.0.3]
	at org.junit.platform.launcher.core.EngineExecutionOrchestrator.execute(EngineExecutionOrchestrator.java:108) ~[junit-platform-launcher-6.0.3.jar:6.0.3]
	at org.junit.platform.launcher.core.EngineExecutionOrchestrator.lambda$execute$0(EngineExecutionOrchestrator.java:66) ~[junit-platform-launcher-6.0.3.jar:6.0.3]
	at org.junit.platform.launcher.core.EngineExecutionOrchestrator.withInterceptedStreams(EngineExecutionOrchestrator.java:157) ~[junit-platform-launcher-6.0.3.jar:6.0.3]
	at org.junit.platform.launcher.core.EngineExecutionOrchestrator.execute(EngineExecutionOrchestrator.java:65) ~[junit-platform-launcher-6.0.3.jar:6.0.3]
	at org.junit.platform.launcher.core.DefaultLauncher.execute(DefaultLauncher.java:125) ~[junit-platform-launcher-6.0.3.jar:6.0.3]
	at org.junit.platform.launcher.core.DefaultLauncher.execute(DefaultLauncher.java:114) ~[junit-platform-launcher-6.0.3.jar:6.0.3]
	at org.junit.platform.launcher.core.DelegatingLauncher.execute(DelegatingLauncher.java:58) ~[junit-platform-launcher-6.0.3.jar:6.0.3]
	at org.junit.platform.launcher.core.InterceptingLauncher.lambda$execute$2(InterceptingLauncher.java:57) ~[junit-platform-launcher-6.0.3.jar:6.0.3]
	at org.junit.platform.launcher.core.ClasspathAlignmentCheckingLauncherInterceptor.intercept(ClasspathAlignmentCheckingLauncherInterceptor.java:25) ~[junit-platform-launcher-6.0.3.jar:6.0.3]
	at org.junit.platform.launcher.core.InterceptingLauncher.execute(InterceptingLauncher.java:56) ~[junit-platform-launcher-6.0.3.jar:6.0.3]
	at org.junit.platform.launcher.core.DelegatingLauncher.execute(DelegatingLauncher.java:58) ~[junit-platform-launcher-6.0.3.jar:6.0.3]
	at java.base/jdk.internal.reflect.DirectMethodHandleAccessor.invoke(DirectMethodHandleAccessor.java:104) ~[na:na]
	at java.base/java.lang.reflect.Method.invoke(Method.java:565) ~[na:na]
	at org.apache.maven.surefire.api.util.ReflectionUtils.invokeMethodWithArray(ReflectionUtils.java:125) ~[surefire-api-3.5.6.jar:3.5.6]
	at org.apache.maven.surefire.junitplatform.LauncherAdapter.executeWithCancellationToken(LauncherAdapter.java:68) ~[surefire-junit-platform-3.5.6.jar:3.5.6]
	at org.apache.maven.surefire.junitplatform.LauncherAdapter.execute(LauncherAdapter.java:54) ~[surefire-junit-platform-3.5.6.jar:3.5.6]
	at org.apache.maven.surefire.junitplatform.JUnitPlatformProvider.execute(JUnitPlatformProvider.java:203) ~[surefire-junit-platform-3.5.6.jar:3.5.6]
	at org.apache.maven.surefire.junitplatform.JUnitPlatformProvider.invokeAllTests(JUnitPlatformProvider.java:168) ~[surefire-junit-platform-3.5.6.jar:3.5.6]
	at org.apache.maven.surefire.junitplatform.JUnitPlatformProvider.invoke(JUnitPlatformProvider.java:136) ~[surefire-junit-platform-3.5.6.jar:3.5.6]
	at org.apache.maven.surefire.booter.ForkedBooter.runSuitesInProcess(ForkedBooter.java:385) ~[surefire-booter-3.5.6.jar:3.5.6]
	at org.apache.maven.surefire.booter.ForkedBooter.execute(ForkedBooter.java:162) ~[surefire-booter-3.5.6.jar:3.5.6]
	at org.apache.maven.surefire.booter.ForkedBooter.run(ForkedBooter.java:507) ~[surefire-booter-3.5.6.jar:3.5.6]
	at org.apache.maven.surefire.booter.ForkedBooter.main(ForkedBooter.java:495) ~[surefire-booter-3.5.6.jar:3.5.6]
Caused by: org.springframework.beans.factory.NoSuchBeanDefinitionException: No qualifying bean of type 'com.fasterxml.jackson.databind.ObjectMapper' available: expected at least 1 bean which qualifies as autowire candidate. Dependency annotations: {@org.springframework.beans.factory.annotation.Autowired(required=true)}
	at org.springframework.beans.factory.support.DefaultListableBeanFactory.raiseNoMatchingBeanFound(DefaultListableBeanFactory.java:2304) ~[spring-beans-7.0.8.jar:7.0.8]
	at org.springframework.beans.factory.support.DefaultListableBeanFactory.doResolveDependency(DefaultListableBeanFactory.java:1732) ~[spring-beans-7.0.8.jar:7.0.8]
	at org.springframework.beans.factory.support.DefaultListableBeanFactory.resolveDependency(DefaultListableBeanFactory.java:1658) ~[spring-beans-7.0.8.jar:7.0.8]
	at org.springframework.beans.factory.annotation.AutowiredAnnotationBeanPostProcessor$AutowiredFieldElement.resolveFieldValue(AutowiredAnnotationBeanPostProcessor.java:764) ~[spring-beans-7.0.8.jar:7.0.8]
	... 88 common frames omitted

2026-08-05T09:03:32.092Z  WARN 8536 --- [payment-processing-system] [main] o.s.test.context.TestContextManager      : Caught exception while allowing TestExecutionListener [org.springframework.test.context.support.DependencyInjectionTestExecutionListener] to prepare test instance [com.payment.payment_processing_system.controller.PaymentControllerIntegrationTest@5e9ae65]

org.springframework.beans.factory.UnsatisfiedDependencyException: Error creating bean with name 'com.payment.payment_processing_system.controller.PaymentControllerIntegrationTest': Unsatisfied dependency expressed through field 'objectMapper': No qualifying bean of type 'com.fasterxml.jackson.databind.ObjectMapper' available: expected at least 1 bean which qualifies as autowire candidate. Dependency annotations: {@org.springframework.beans.factory.annotation.Autowired(required=true)}
	at org.springframework.beans.factory.annotation.AutowiredAnnotationBeanPostProcessor$AutowiredFieldElement.resolveFieldValue(AutowiredAnnotationBeanPostProcessor.java:767) ~[spring-beans-7.0.8.jar:7.0.8]
	at org.springframework.beans.factory.annotation.AutowiredAnnotationBeanPostProcessor$AutowiredFieldElement.inject(AutowiredAnnotationBeanPostProcessor.java:748) ~[spring-beans-7.0.8.jar:7.0.8]
	at org.springframework.beans.factory.annotation.InjectionMetadata.inject(InjectionMetadata.java:146) ~[spring-beans-7.0.8.jar:7.0.8]
	at org.springframework.beans.factory.annotation.AutowiredAnnotationBeanPostProcessor.postProcessProperties(AutowiredAnnotationBeanPostProcessor.java:493) ~[spring-beans-7.0.8.jar:7.0.8]
	at org.springframework.beans.factory.support.AbstractAutowireCapableBeanFactory.populateBean(AbstractAutowireCapableBeanFactory.java:1444) ~[spring-beans-7.0.8.jar:7.0.8]
	at org.springframework.beans.factory.support.AbstractAutowireCapableBeanFactory.autowireBeanProperties(AbstractAutowireCapableBeanFactory.java:402) ~[spring-beans-7.0.8.jar:7.0.8]
	at org.springframework.test.context.support.DependencyInjectionTestExecutionListener.injectDependencies(DependencyInjectionTestExecutionListener.java:157) ~[spring-test-7.0.8.jar:7.0.8]
	at org.springframework.test.context.support.DependencyInjectionTestExecutionListener.prepareTestInstance(DependencyInjectionTestExecutionListener.java:111) ~[spring-test-7.0.8.jar:7.0.8]
	at org.springframework.test.context.TestContextManager.prepareTestInstance(TestContextManager.java:260) ~[spring-test-7.0.8.jar:7.0.8]
	at org.springframework.test.context.junit.jupiter.SpringExtension.postProcessTestInstance(SpringExtension.java:242) ~[spring-test-7.0.8.jar:7.0.8]
	at org.junit.jupiter.engine.descriptor.ClassBasedTestDescriptor.lambda$invokeTestInstancePostProcessors$1(ClassBasedTestDescriptor.java:423) ~[junit-jupiter-engine-6.0.3.jar:6.0.3]
	at org.junit.jupiter.engine.descriptor.ClassBasedTestDescriptor.executeAndMaskThrowable(ClassBasedTestDescriptor.java:428) ~[junit-jupiter-engine-6.0.3.jar:6.0.3]
	at org.junit.jupiter.engine.descriptor.ClassBasedTestDescriptor.lambda$invokeTestInstancePostProcessors$0(ClassBasedTestDescriptor.java:422) ~[junit-jupiter-engine-6.0.3.jar:6.0.3]
	at java.base/java.util.stream.ForEachOps$ForEachOp$OfRef.accept(ForEachOps.java:186) ~[na:na]
	at java.base/java.util.stream.ReferencePipeline$3$1.accept(ReferencePipeline.java:214) ~[na:na]
	at java.base/java.util.stream.ReferencePipeline$2$1.accept(ReferencePipeline.java:197) ~[na:na]
	at java.base/java.util.stream.ReferencePipeline$3$1.accept(ReferencePipeline.java:214) ~[na:na]
	at java.base/java.util.ArrayList$ArrayListSpliterator.forEachRemaining(ArrayList.java:1716) ~[na:na]
	at java.base/java.util.stream.AbstractPipeline.copyInto(AbstractPipeline.java:570) ~[na:na]
	at java.base/java.util.stream.AbstractPipeline.wrapAndCopyInto(AbstractPipeline.java:560) ~[na:na]
	at java.base/java.util.stream.ForEachOps$ForEachOp.evaluateSequential(ForEachOps.java:153) ~[na:na]
	at java.base/java.util.stream.ForEachOps$ForEachOp$OfRef.evaluateSequential(ForEachOps.java:176) ~[na:na]
	at java.base/java.util.stream.AbstractPipeline.evaluate(AbstractPipeline.java:265) ~[na:na]
	at java.base/java.util.stream.ReferencePipeline.forEach(ReferencePipeline.java:632) ~[na:na]
	at org.junit.jupiter.engine.descriptor.ClassBasedTestDescriptor.invokeTestInstancePostProcessors(ClassBasedTestDescriptor.java:422) ~[junit-jupiter-engine-6.0.3.jar:6.0.3]
	at org.junit.jupiter.engine.descriptor.ClassBasedTestDescriptor.lambda$instantiateAndPostProcessTestInstance$0(ClassBasedTestDescriptor.java:334) ~[junit-jupiter-engine-6.0.3.jar:6.0.3]
	at org.junit.platform.engine.support.hierarchical.ThrowableCollector.execute(ThrowableCollector.java:74) ~[junit-platform-engine-6.0.3.jar:6.0.3]
	at org.junit.jupiter.engine.descriptor.ClassBasedTestDescriptor.instantiateAndPostProcessTestInstance(ClassBasedTestDescriptor.java:333) ~[junit-jupiter-engine-6.0.3.jar:6.0.3]
	at org.junit.jupiter.engine.descriptor.ClassBasedTestDescriptor.lambda$testInstancesProvider$1(ClassBasedTestDescriptor.java:322) ~[junit-jupiter-engine-6.0.3.jar:6.0.3]
	at java.base/java.util.Optional.orElseGet(Optional.java:364) ~[na:na]
	at org.junit.jupiter.engine.descriptor.ClassBasedTestDescriptor.lambda$testInstancesProvider$0(ClassBasedTestDescriptor.java:321) ~[junit-jupiter-engine-6.0.3.jar:6.0.3]
	at org.junit.jupiter.engine.execution.TestInstancesProvider.getTestInstances(TestInstancesProvider.java:27) ~[junit-jupiter-engine-6.0.3.jar:6.0.3]
	at org.junit.jupiter.engine.descriptor.TestMethodTestDescriptor.lambda$prepare$0(TestMethodTestDescriptor.java:127) ~[junit-jupiter-engine-6.0.3.jar:6.0.3]
	at org.junit.platform.engine.support.hierarchical.ThrowableCollector.execute(ThrowableCollector.java:74) ~[junit-platform-engine-6.0.3.jar:6.0.3]
	at org.junit.jupiter.engine.descriptor.TestMethodTestDescriptor.prepare(TestMethodTestDescriptor.java:126) ~[junit-jupiter-engine-6.0.3.jar:6.0.3]
	at org.junit.jupiter.engine.descriptor.TestMethodTestDescriptor.prepare(TestMethodTestDescriptor.java:70) ~[junit-jupiter-engine-6.0.3.jar:6.0.3]
	at org.junit.platform.engine.support.hierarchical.NodeTestTask.lambda$prepare$0(NodeTestTask.java:144) ~[junit-platform-engine-6.0.3.jar:6.0.3]
	at org.junit.platform.engine.support.hierarchical.ThrowableCollector.execute(ThrowableCollector.java:74) ~[junit-platform-engine-6.0.3.jar:6.0.3]
	at org.junit.platform.engine.support.hierarchical.NodeTestTask.prepare(NodeTestTask.java:144) ~[junit-platform-engine-6.0.3.jar:6.0.3]
	at org.junit.platform.engine.support.hierarchical.NodeTestTask.execute(NodeTestTask.java:110) ~[junit-platform-engine-6.0.3.jar:6.0.3]
	at java.base/java.util.ArrayList.forEach(ArrayList.java:1604) ~[na:na]
	at org.junit.platform.engine.support.hierarchical.SameThreadHierarchicalTestExecutorService.invokeAll(SameThreadHierarchicalTestExecutorService.java:42) ~[junit-platform-engine-6.0.3.jar:6.0.3]
	at org.junit.platform.engine.support.hierarchical.NodeTestTask.lambda$executeRecursively$2(NodeTestTask.java:180) ~[junit-platform-engine-6.0.3.jar:6.0.3]
	at org.junit.platform.engine.support.hierarchical.ThrowableCollector.execute(ThrowableCollector.java:74) ~[junit-platform-engine-6.0.3.jar:6.0.3]
	at org.junit.platform.engine.support.hierarchical.NodeTestTask.lambda$executeRecursively$1(NodeTestTask.java:166) ~[junit-platform-engine-6.0.3.jar:6.0.3]
	at org.junit.platform.engine.support.hierarchical.Node.around(Node.java:138) ~[junit-platform-engine-6.0.3.jar:6.0.3]
	at org.junit.platform.engine.support.hierarchical.NodeTestTask.lambda$executeRecursively$0(NodeTestTask.java:164) ~[junit-platform-engine-6.0.3.jar:6.0.3]
	at org.junit.platform.engine.support.hierarchical.ThrowableCollector.execute(ThrowableCollector.java:74) ~[junit-platform-engine-6.0.3.jar:6.0.3]
	at org.junit.platform.engine.support.hierarchical.NodeTestTask.executeRecursively(NodeTestTask.java:163) ~[junit-platform-engine-6.0.3.jar:6.0.3]
	at org.junit.platform.engine.support.hierarchical.NodeTestTask.execute(NodeTestTask.java:116) ~[junit-platform-engine-6.0.3.jar:6.0.3]
	at java.base/java.util.ArrayList.forEach(ArrayList.java:1604) ~[na:na]
	at org.junit.platform.engine.support.hierarchical.SameThreadHierarchicalTestExecutorService.invokeAll(SameThreadHierarchicalTestExecutorService.java:42) ~[junit-platform-engine-6.0.3.jar:6.0.3]
	at org.junit.platform.engine.support.hierarchical.NodeTestTask.lambda$executeRecursively$2(NodeTestTask.java:180) ~[junit-platform-engine-6.0.3.jar:6.0.3]
	at org.junit.platform.engine.support.hierarchical.ThrowableCollector.execute(ThrowableCollector.java:74) ~[junit-platform-engine-6.0.3.jar:6.0.3]
	at org.junit.platform.engine.support.hierarchical.NodeTestTask.lambda$executeRecursively$1(NodeTestTask.java:166) ~[junit-platform-engine-6.0.3.jar:6.0.3]
	at org.junit.platform.engine.support.hierarchical.Node.around(Node.java:138) ~[junit-platform-engine-6.0.3.jar:6.0.3]
	at org.junit.platform.engine.support.hierarchical.NodeTestTask.lambda$executeRecursively$0(NodeTestTask.java:164) ~[junit-platform-engine-6.0.3.jar:6.0.3]
	at org.junit.platform.engine.support.hierarchical.ThrowableCollector.execute(ThrowableCollector.java:74) ~[junit-platform-engine-6.0.3.jar:6.0.3]
	at org.junit.platform.engine.support.hierarchical.NodeTestTask.executeRecursively(NodeTestTask.java:163) ~[junit-platform-engine-6.0.3.jar:6.0.3]
	at org.junit.platform.engine.support.hierarchical.NodeTestTask.execute(NodeTestTask.java:116) ~[junit-platform-engine-6.0.3.jar:6.0.3]
	at org.junit.platform.engine.support.hierarchical.SameThreadHierarchicalTestExecutorService.submit(SameThreadHierarchicalTestExecutorService.java:36) ~[junit-platform-engine-6.0.3.jar:6.0.3]
	at org.junit.platform.engine.support.hierarchical.HierarchicalTestExecutor.execute(HierarchicalTestExecutor.java:52) ~[junit-platform-engine-6.0.3.jar:6.0.3]
	at org.junit.platform.engine.support.hierarchical.HierarchicalTestEngine.execute(HierarchicalTestEngine.java:58) ~[junit-platform-engine-6.0.3.jar:6.0.3]
	at org.junit.platform.launcher.core.EngineExecutionOrchestrator.executeEngine(EngineExecutionOrchestrator.java:246) ~[junit-platform-launcher-6.0.3.jar:6.0.3]
	at org.junit.platform.launcher.core.EngineExecutionOrchestrator.failOrExecuteEngine(EngineExecutionOrchestrator.java:218) ~[junit-platform-launcher-6.0.3.jar:6.0.3]
	at org.junit.platform.launcher.core.EngineExecutionOrchestrator.execute(EngineExecutionOrchestrator.java:179) ~[junit-platform-launcher-6.0.3.jar:6.0.3]
	at org.junit.platform.launcher.core.EngineExecutionOrchestrator.execute(EngineExecutionOrchestrator.java:108) ~[junit-platform-launcher-6.0.3.jar:6.0.3]
	at org.junit.platform.launcher.core.EngineExecutionOrchestrator.lambda$execute$0(EngineExecutionOrchestrator.java:66) ~[junit-platform-launcher-6.0.3.jar:6.0.3]
	at org.junit.platform.launcher.core.EngineExecutionOrchestrator.withInterceptedStreams(EngineExecutionOrchestrator.java:157) ~[junit-platform-launcher-6.0.3.jar:6.0.3]
	at org.junit.platform.launcher.core.EngineExecutionOrchestrator.execute(EngineExecutionOrchestrator.java:65) ~[junit-platform-launcher-6.0.3.jar:6.0.3]
	at org.junit.platform.launcher.core.DefaultLauncher.execute(DefaultLauncher.java:125) ~[junit-platform-launcher-6.0.3.jar:6.0.3]
	at org.junit.platform.launcher.core.DefaultLauncher.execute(DefaultLauncher.java:114) ~[junit-platform-launcher-6.0.3.jar:6.0.3]
	at org.junit.platform.launcher.core.DelegatingLauncher.execute(DelegatingLauncher.java:58) ~[junit-platform-launcher-6.0.3.jar:6.0.3]
	at org.junit.platform.launcher.core.InterceptingLauncher.lambda$execute$2(InterceptingLauncher.java:57) ~[junit-platform-launcher-6.0.3.jar:6.0.3]
	at org.junit.platform.launcher.core.ClasspathAlignmentCheckingLauncherInterceptor.intercept(ClasspathAlignmentCheckingLauncherInterceptor.java:25) ~[junit-platform-launcher-6.0.3.jar:6.0.3]
	at org.junit.platform.launcher.core.InterceptingLauncher.execute(InterceptingLauncher.java:56) ~[junit-platform-launcher-6.0.3.jar:6.0.3]
	at org.junit.platform.launcher.core.DelegatingLauncher.execute(DelegatingLauncher.java:58) ~[junit-platform-launcher-6.0.3.jar:6.0.3]
	at java.base/jdk.internal.reflect.DirectMethodHandleAccessor.invoke(DirectMethodHandleAccessor.java:104) ~[na:na]
	at java.base/java.lang.reflect.Method.invoke(Method.java:565) ~[na:na]
	at org.apache.maven.surefire.api.util.ReflectionUtils.invokeMethodWithArray(ReflectionUtils.java:125) ~[surefire-api-3.5.6.jar:3.5.6]
	at org.apache.maven.surefire.junitplatform.LauncherAdapter.executeWithCancellationToken(LauncherAdapter.java:68) ~[surefire-junit-platform-3.5.6.jar:3.5.6]
	at org.apache.maven.surefire.junitplatform.LauncherAdapter.execute(LauncherAdapter.java:54) ~[surefire-junit-platform-3.5.6.jar:3.5.6]
	at org.apache.maven.surefire.junitplatform.JUnitPlatformProvider.execute(JUnitPlatformProvider.java:203) ~[surefire-junit-platform-3.5.6.jar:3.5.6]
	at org.apache.maven.surefire.junitplatform.JUnitPlatformProvider.invokeAllTests(JUnitPlatformProvider.java:168) ~[surefire-junit-platform-3.5.6.jar:3.5.6]
	at org.apache.maven.surefire.junitplatform.JUnitPlatformProvider.invoke(JUnitPlatformProvider.java:136) ~[surefire-junit-platform-3.5.6.jar:3.5.6]
	at org.apache.maven.surefire.booter.ForkedBooter.runSuitesInProcess(ForkedBooter.java:385) ~[surefire-booter-3.5.6.jar:3.5.6]
	at org.apache.maven.surefire.booter.ForkedBooter.execute(ForkedBooter.java:162) ~[surefire-booter-3.5.6.jar:3.5.6]
	at org.apache.maven.surefire.booter.ForkedBooter.run(ForkedBooter.java:507) ~[surefire-booter-3.5.6.jar:3.5.6]
	at org.apache.maven.surefire.booter.ForkedBooter.main(ForkedBooter.java:495) ~[surefire-booter-3.5.6.jar:3.5.6]
Caused by: org.springframework.beans.factory.NoSuchBeanDefinitionException: No qualifying bean of type 'com.fasterxml.jackson.databind.ObjectMapper' available: expected at least 1 bean which qualifies as autowire candidate. Dependency annotations: {@org.springframework.beans.factory.annotation.Autowired(required=true)}
	at org.springframework.beans.factory.support.DefaultListableBeanFactory.raiseNoMatchingBeanFound(DefaultListableBeanFactory.java:2304) ~[spring-beans-7.0.8.jar:7.0.8]
	at org.springframework.beans.factory.support.DefaultListableBeanFactory.doResolveDependency(DefaultListableBeanFactory.java:1732) ~[spring-beans-7.0.8.jar:7.0.8]
	at org.springframework.beans.factory.support.DefaultListableBeanFactory.resolveDependency(DefaultListableBeanFactory.java:1658) ~[spring-beans-7.0.8.jar:7.0.8]
	at org.springframework.beans.factory.annotation.AutowiredAnnotationBeanPostProcessor$AutowiredFieldElement.resolveFieldValue(AutowiredAnnotationBeanPostProcessor.java:764) ~[spring-beans-7.0.8.jar:7.0.8]
	... 88 common frames omitted

2026-08-05T09:03:32.158Z  WARN 8536 --- [payment-processing-system] [main] o.s.test.context.TestContextManager      : Caught exception while allowing TestExecutionListener [org.springframework.test.context.support.DependencyInjectionTestExecutionListener] to prepare test instance [com.payment.payment_processing_system.controller.PaymentControllerIntegrationTest@585ec0a2]

org.springframework.beans.factory.UnsatisfiedDependencyException: Error creating bean with name 'com.payment.payment_processing_system.controller.PaymentControllerIntegrationTest': Unsatisfied dependency expressed through field 'objectMapper': No qualifying bean of type 'com.fasterxml.jackson.databind.ObjectMapper' available: expected at least 1 bean which qualifies as autowire candidate. Dependency annotations: {@org.springframework.beans.factory.annotation.Autowired(required=true)}
	at org.springframework.beans.factory.annotation.AutowiredAnnotationBeanPostProcessor$AutowiredFieldElement.resolveFieldValue(AutowiredAnnotationBeanPostProcessor.java:767) ~[spring-beans-7.0.8.jar:7.0.8]
	at org.springframework.beans.factory.annotation.AutowiredAnnotationBeanPostProcessor$AutowiredFieldElement.inject(AutowiredAnnotationBeanPostProcessor.java:748) ~[spring-beans-7.0.8.jar:7.0.8]
	at org.springframework.beans.factory.annotation.InjectionMetadata.inject(InjectionMetadata.java:146) ~[spring-beans-7.0.8.jar:7.0.8]
	at org.springframework.beans.factory.annotation.AutowiredAnnotationBeanPostProcessor.postProcessProperties(AutowiredAnnotationBeanPostProcessor.java:493) ~[spring-beans-7.0.8.jar:7.0.8]
	at org.springframework.beans.factory.support.AbstractAutowireCapableBeanFactory.populateBean(AbstractAutowireCapableBeanFactory.java:1444) ~[spring-beans-7.0.8.jar:7.0.8]
	at org.springframework.beans.factory.support.AbstractAutowireCapableBeanFactory.autowireBeanProperties(AbstractAutowireCapableBeanFactory.java:402) ~[spring-beans-7.0.8.jar:7.0.8]
	at org.springframework.test.context.support.DependencyInjectionTestExecutionListener.injectDependencies(DependencyInjectionTestExecutionListener.java:157) ~[spring-test-7.0.8.jar:7.0.8]
	at org.springframework.test.context.support.DependencyInjectionTestExecutionListener.prepareTestInstance(DependencyInjectionTestExecutionListener.java:111) ~[spring-test-7.0.8.jar:7.0.8]
	at org.springframework.test.context.TestContextManager.prepareTestInstance(TestContextManager.java:260) ~[spring-test-7.0.8.jar:7.0.8]
	at org.springframework.test.context.junit.jupiter.SpringExtension.postProcessTestInstance(SpringExtension.java:242) ~[spring-test-7.0.8.jar:7.0.8]
	at org.junit.jupiter.engine.descriptor.ClassBasedTestDescriptor.lambda$invokeTestInstancePostProcessors$1(ClassBasedTestDescriptor.java:423) ~[junit-jupiter-engine-6.0.3.jar:6.0.3]
	at org.junit.jupiter.engine.descriptor.ClassBasedTestDescriptor.executeAndMaskThrowable(ClassBasedTestDescriptor.java:428) ~[junit-jupiter-engine-6.0.3.jar:6.0.3]
	at org.junit.jupiter.engine.descriptor.ClassBasedTestDescriptor.lambda$invokeTestInstancePostProcessors$0(ClassBasedTestDescriptor.java:422) ~[junit-jupiter-engine-6.0.3.jar:6.0.3]
	at java.base/java.util.stream.ForEachOps$ForEachOp$OfRef.accept(ForEachOps.java:186) ~[na:na]
	at java.base/java.util.stream.ReferencePipeline$3$1.accept(ReferencePipeline.java:214) ~[na:na]
	at java.base/java.util.stream.ReferencePipeline$2$1.accept(ReferencePipeline.java:197) ~[na:na]
	at java.base/java.util.stream.ReferencePipeline$3$1.accept(ReferencePipeline.java:214) ~[na:na]
	at java.base/java.util.ArrayList$ArrayListSpliterator.forEachRemaining(ArrayList.java:1716) ~[na:na]
	at java.base/java.util.stream.AbstractPipeline.copyInto(AbstractPipeline.java:570) ~[na:na]
	at java.base/java.util.stream.AbstractPipeline.wrapAndCopyInto(AbstractPipeline.java:560) ~[na:na]
	at java.base/java.util.stream.ForEachOps$ForEachOp.evaluateSequential(ForEachOps.java:153) ~[na:na]
	at java.base/java.util.stream.ForEachOps$ForEachOp$OfRef.evaluateSequential(ForEachOps.java:176) ~[na:na]
	at java.base/java.util.stream.AbstractPipeline.evaluate(AbstractPipeline.java:265) ~[na:na]
	at java.base/java.util.stream.ReferencePipeline.forEach(ReferencePipeline.java:632) ~[na:na]
	at org.junit.jupiter.engine.descriptor.ClassBasedTestDescriptor.invokeTestInstancePostProcessors(ClassBasedTestDescriptor.java:422) ~[junit-jupiter-engine-6.0.3.jar:6.0.3]
	at org.junit.jupiter.engine.descriptor.ClassBasedTestDescriptor.lambda$instantiateAndPostProcessTestInstance$0(ClassBasedTestDescriptor.java:334) ~[junit-jupiter-engine-6.0.3.jar:6.0.3]
	at org.junit.platform.engine.support.hierarchical.ThrowableCollector.execute(ThrowableCollector.java:74) ~[junit-platform-engine-6.0.3.jar:6.0.3]
	at org.junit.jupiter.engine.descriptor.ClassBasedTestDescriptor.instantiateAndPostProcessTestInstance(ClassBasedTestDescriptor.java:333) ~[junit-jupiter-engine-6.0.3.jar:6.0.3]
	at org.junit.jupiter.engine.descriptor.ClassBasedTestDescriptor.lambda$testInstancesProvider$1(ClassBasedTestDescriptor.java:322) ~[junit-jupiter-engine-6.0.3.jar:6.0.3]
	at java.base/java.util.Optional.orElseGet(Optional.java:364) ~[na:na]
	at org.junit.jupiter.engine.descriptor.ClassBasedTestDescriptor.lambda$testInstancesProvider$0(ClassBasedTestDescriptor.java:321) ~[junit-jupiter-engine-6.0.3.jar:6.0.3]
	at org.junit.jupiter.engine.execution.TestInstancesProvider.getTestInstances(TestInstancesProvider.java:27) ~[junit-jupiter-engine-6.0.3.jar:6.0.3]
	at org.junit.jupiter.engine.descriptor.TestMethodTestDescriptor.lambda$prepare$0(TestMethodTestDescriptor.java:127) ~[junit-jupiter-engine-6.0.3.jar:6.0.3]
	at org.junit.platform.engine.support.hierarchical.ThrowableCollector.execute(ThrowableCollector.java:74) ~[junit-platform-engine-6.0.3.jar:6.0.3]
	at org.junit.jupiter.engine.descriptor.TestMethodTestDescriptor.prepare(TestMethodTestDescriptor.java:126) ~[junit-jupiter-engine-6.0.3.jar:6.0.3]
	at org.junit.jupiter.engine.descriptor.TestMethodTestDescriptor.prepare(TestMethodTestDescriptor.java:70) ~[junit-jupiter-engine-6.0.3.jar:6.0.3]
	at org.junit.platform.engine.support.hierarchical.NodeTestTask.lambda$prepare$0(NodeTestTask.java:144) ~[junit-platform-engine-6.0.3.jar:6.0.3]
	at org.junit.platform.engine.support.hierarchical.ThrowableCollector.execute(ThrowableCollector.java:74) ~[junit-platform-engine-6.0.3.jar:6.0.3]
	at org.junit.platform.engine.support.hierarchical.NodeTestTask.prepare(NodeTestTask.java:144) ~[junit-platform-engine-6.0.3.jar:6.0.3]
	at org.junit.platform.engine.support.hierarchical.NodeTestTask.execute(NodeTestTask.java:110) ~[junit-platform-engine-6.0.3.jar:6.0.3]
	at java.base/java.util.ArrayList.forEach(ArrayList.java:1604) ~[na:na]
	at org.junit.platform.engine.support.hierarchical.SameThreadHierarchicalTestExecutorService.invokeAll(SameThreadHierarchicalTestExecutorService.java:42) ~[junit-platform-engine-6.0.3.jar:6.0.3]
	at org.junit.platform.engine.support.hierarchical.NodeTestTask.lambda$executeRecursively$2(NodeTestTask.java:180) ~[junit-platform-engine-6.0.3.jar:6.0.3]
	at org.junit.platform.engine.support.hierarchical.ThrowableCollector.execute(ThrowableCollector.java:74) ~[junit-platform-engine-6.0.3.jar:6.0.3]
	at org.junit.platform.engine.support.hierarchical.NodeTestTask.lambda$executeRecursively$1(NodeTestTask.java:166) ~[junit-platform-engine-6.0.3.jar:6.0.3]
	at org.junit.platform.engine.support.hierarchical.Node.around(Node.java:138) ~[junit-platform-engine-6.0.3.jar:6.0.3]
	at org.junit.platform.engine.support.hierarchical.NodeTestTask.lambda$executeRecursively$0(NodeTestTask.java:164) ~[junit-platform-engine-6.0.3.jar:6.0.3]
	at org.junit.platform.engine.support.hierarchical.ThrowableCollector.execute(ThrowableCollector.java:74) ~[junit-platform-engine-6.0.3.jar:6.0.3]
	at org.junit.platform.engine.support.hierarchical.NodeTestTask.executeRecursively(NodeTestTask.java:163) ~[junit-platform-engine-6.0.3.jar:6.0.3]
	at org.junit.platform.engine.support.hierarchical.NodeTestTask.execute(NodeTestTask.java:116) ~[junit-platform-engine-6.0.3.jar:6.0.3]
	at java.base/java.util.ArrayList.forEach(ArrayList.java:1604) ~[na:na]
	at org.junit.platform.engine.support.hierarchical.SameThreadHierarchicalTestExecutorService.invokeAll(SameThreadHierarchicalTestExecutorService.java:42) ~[junit-platform-engine-6.0.3.jar:6.0.3]
	at org.junit.platform.engine.support.hierarchical.NodeTestTask.lambda$executeRecursively$2(NodeTestTask.java:180) ~[junit-platform-engine-6.0.3.jar:6.0.3]
	at org.junit.platform.engine.support.hierarchical.ThrowableCollector.execute(ThrowableCollector.java:74) ~[junit-platform-engine-6.0.3.jar:6.0.3]
	at org.junit.platform.engine.support.hierarchical.NodeTestTask.lambda$executeRecursively$1(NodeTestTask.java:166) ~[junit-platform-engine-6.0.3.jar:6.0.3]
	at org.junit.platform.engine.support.hierarchical.Node.around(Node.java:138) ~[junit-platform-engine-6.0.3.jar:6.0.3]
	at org.junit.platform.engine.support.hierarchical.NodeTestTask.lambda$executeRecursively$0(NodeTestTask.java:164) ~[junit-platform-engine-6.0.3.jar:6.0.3]
	at org.junit.platform.engine.support.hierarchical.ThrowableCollector.execute(ThrowableCollector.java:74) ~[junit-platform-engine-6.0.3.jar:6.0.3]
	at org.junit.platform.engine.support.hierarchical.NodeTestTask.executeRecursively(NodeTestTask.java:163) ~[junit-platform-engine-6.0.3.jar:6.0.3]
	at org.junit.platform.engine.support.hierarchical.NodeTestTask.execute(NodeTestTask.java:116) ~[junit-platform-engine-6.0.3.jar:6.0.3]
	at org.junit.platform.engine.support.hierarchical.SameThreadHierarchicalTestExecutorService.submit(SameThreadHierarchicalTestExecutorService.java:36) ~[junit-platform-engine-6.0.3.jar:6.0.3]
	at org.junit.platform.engine.support.hierarchical.HierarchicalTestExecutor.execute(HierarchicalTestExecutor.java:52) ~[junit-platform-engine-6.0.3.jar:6.0.3]
	at org.junit.platform.engine.support.hierarchical.HierarchicalTestEngine.execute(HierarchicalTestEngine.java:58) ~[junit-platform-engine-6.0.3.jar:6.0.3]
	at org.junit.platform.launcher.core.EngineExecutionOrchestrator.executeEngine(EngineExecutionOrchestrator.java:246) ~[junit-platform-launcher-6.0.3.jar:6.0.3]
	at org.junit.platform.launcher.core.EngineExecutionOrchestrator.failOrExecuteEngine(EngineExecutionOrchestrator.java:218) ~[junit-platform-launcher-6.0.3.jar:6.0.3]
	at org.junit.platform.launcher.core.EngineExecutionOrchestrator.execute(EngineExecutionOrchestrator.java:179) ~[junit-platform-launcher-6.0.3.jar:6.0.3]
	at org.junit.platform.launcher.core.EngineExecutionOrchestrator.execute(EngineExecutionOrchestrator.java:108) ~[junit-platform-launcher-6.0.3.jar:6.0.3]
	at org.junit.platform.launcher.core.EngineExecutionOrchestrator.lambda$execute$0(EngineExecutionOrchestrator.java:66) ~[junit-platform-launcher-6.0.3.jar:6.0.3]
	at org.junit.platform.launcher.core.EngineExecutionOrchestrator.withInterceptedStreams(EngineExecutionOrchestrator.java:157) ~[junit-platform-launcher-6.0.3.jar:6.0.3]
	at org.junit.platform.launcher.core.EngineExecutionOrchestrator.execute(EngineExecutionOrchestrator.java:65) ~[junit-platform-launcher-6.0.3.jar:6.0.3]
	at org.junit.platform.launcher.core.DefaultLauncher.execute(DefaultLauncher.java:125) ~[junit-platform-launcher-6.0.3.jar:6.0.3]
	at org.junit.platform.launcher.core.DefaultLauncher.execute(DefaultLauncher.java:114) ~[junit-platform-launcher-6.0.3.jar:6.0.3]
	at org.junit.platform.launcher.core.DelegatingLauncher.execute(DelegatingLauncher.java:58) ~[junit-platform-launcher-6.0.3.jar:6.0.3]
	at org.junit.platform.launcher.core.InterceptingLauncher.lambda$execute$2(InterceptingLauncher.java:57) ~[junit-platform-launcher-6.0.3.jar:6.0.3]
	at org.junit.platform.launcher.core.ClasspathAlignmentCheckingLauncherInterceptor.intercept(ClasspathAlignmentCheckingLauncherInterceptor.java:25) ~[junit-platform-launcher-6.0.3.jar:6.0.3]
	at org.junit.platform.launcher.core.InterceptingLauncher.execute(InterceptingLauncher.java:56) ~[junit-platform-launcher-6.0.3.jar:6.0.3]
	at org.junit.platform.launcher.core.DelegatingLauncher.execute(DelegatingLauncher.java:58) ~[junit-platform-launcher-6.0.3.jar:6.0.3]
	at java.base/jdk.internal.reflect.DirectMethodHandleAccessor.invoke(DirectMethodHandleAccessor.java:104) ~[na:na]
	at java.base/java.lang.reflect.Method.invoke(Method.java:565) ~[na:na]
	at org.apache.maven.surefire.api.util.ReflectionUtils.invokeMethodWithArray(ReflectionUtils.java:125) ~[surefire-api-3.5.6.jar:3.5.6]
	at org.apache.maven.surefire.junitplatform.LauncherAdapter.executeWithCancellationToken(LauncherAdapter.java:68) ~[surefire-junit-platform-3.5.6.jar:3.5.6]
	at org.apache.maven.surefire.junitplatform.LauncherAdapter.execute(LauncherAdapter.java:54) ~[surefire-junit-platform-3.5.6.jar:3.5.6]
	at org.apache.maven.surefire.junitplatform.JUnitPlatformProvider.execute(JUnitPlatformProvider.java:203) ~[surefire-junit-platform-3.5.6.jar:3.5.6]
	at org.apache.maven.surefire.junitplatform.JUnitPlatformProvider.invokeAllTests(JUnitPlatformProvider.java:168) ~[surefire-junit-platform-3.5.6.jar:3.5.6]
	at org.apache.maven.surefire.junitplatform.JUnitPlatformProvider.invoke(JUnitPlatformProvider.java:136) ~[surefire-junit-platform-3.5.6.jar:3.5.6]
	at org.apache.maven.surefire.booter.ForkedBooter.runSuitesInProcess(ForkedBooter.java:385) ~[surefire-booter-3.5.6.jar:3.5.6]
	at org.apache.maven.surefire.booter.ForkedBooter.execute(ForkedBooter.java:162) ~[surefire-booter-3.5.6.jar:3.5.6]
	at org.apache.maven.surefire.booter.ForkedBooter.run(ForkedBooter.java:507) ~[surefire-booter-3.5.6.jar:3.5.6]
	at org.apache.maven.surefire.booter.ForkedBooter.main(ForkedBooter.java:495) ~[surefire-booter-3.5.6.jar:3.5.6]
Caused by: org.springframework.beans.factory.NoSuchBeanDefinitionException: No qualifying bean of type 'com.fasterxml.jackson.databind.ObjectMapper' available: expected at least 1 bean which qualifies as autowire candidate. Dependency annotations: {@org.springframework.beans.factory.annotation.Autowired(required=true)}
	at org.springframework.beans.factory.support.DefaultListableBeanFactory.raiseNoMatchingBeanFound(DefaultListableBeanFactory.java:2304) ~[spring-beans-7.0.8.jar:7.0.8]
	at org.springframework.beans.factory.support.DefaultListableBeanFactory.doResolveDependency(DefaultListableBeanFactory.java:1732) ~[spring-beans-7.0.8.jar:7.0.8]
	at org.springframework.beans.factory.support.DefaultListableBeanFactory.resolveDependency(DefaultListableBeanFactory.java:1658) ~[spring-beans-7.0.8.jar:7.0.8]
	at org.springframework.beans.factory.annotation.AutowiredAnnotationBeanPostProcessor$AutowiredFieldElement.resolveFieldValue(AutowiredAnnotationBeanPostProcessor.java:764) ~[spring-beans-7.0.8.jar:7.0.8]
	... 88 common frames omitted

2026-08-05T09:03:32.186Z  WARN 8536 --- [payment-processing-system] [main] o.s.test.context.TestContextManager      : Caught exception while allowing TestExecutionListener [org.springframework.test.context.support.DependencyInjectionTestExecutionListener] to prepare test instance [com.payment.payment_processing_system.controller.PaymentControllerIntegrationTest@15a07df7]

org.springframework.beans.factory.UnsatisfiedDependencyException: Error creating bean with name 'com.payment.payment_processing_system.controller.PaymentControllerIntegrationTest': Unsatisfied dependency expressed through field 'objectMapper': No qualifying bean of type 'com.fasterxml.jackson.databind.ObjectMapper' available: expected at least 1 bean which qualifies as autowire candidate. Dependency annotations: {@org.springframework.beans.factory.annotation.Autowired(required=true)}
	at org.springframework.beans.factory.annotation.AutowiredAnnotationBeanPostProcessor$AutowiredFieldElement.resolveFieldValue(AutowiredAnnotationBeanPostProcessor.java:767) ~[spring-beans-7.0.8.jar:7.0.8]
	at org.springframework.beans.factory.annotation.AutowiredAnnotationBeanPostProcessor$AutowiredFieldElement.inject(AutowiredAnnotationBeanPostProcessor.java:748) ~[spring-beans-7.0.8.jar:7.0.8]
	at org.springframework.beans.factory.annotation.InjectionMetadata.inject(InjectionMetadata.java:146) ~[spring-beans-7.0.8.jar:7.0.8]
	at org.springframework.beans.factory.annotation.AutowiredAnnotationBeanPostProcessor.postProcessProperties(AutowiredAnnotationBeanPostProcessor.java:493) ~[spring-beans-7.0.8.jar:7.0.8]
	at org.springframework.beans.factory.support.AbstractAutowireCapableBeanFactory.populateBean(AbstractAutowireCapableBeanFactory.java:1444) ~[spring-beans-7.0.8.jar:7.0.8]
	at org.springframework.beans.factory.support.AbstractAutowireCapableBeanFactory.autowireBeanProperties(AbstractAutowireCapableBeanFactory.java:402) ~[spring-beans-7.0.8.jar:7.0.8]
	at org.springframework.test.context.support.DependencyInjectionTestExecutionListener.injectDependencies(DependencyInjectionTestExecutionListener.java:157) ~[spring-test-7.0.8.jar:7.0.8]
	at org.springframework.test.context.support.DependencyInjectionTestExecutionListener.prepareTestInstance(DependencyInjectionTestExecutionListener.java:111) ~[spring-test-7.0.8.jar:7.0.8]
	at org.springframework.test.context.TestContextManager.prepareTestInstance(TestContextManager.java:260) ~[spring-test-7.0.8.jar:7.0.8]
	at org.springframework.test.context.junit.jupiter.SpringExtension.postProcessTestInstance(SpringExtension.java:242) ~[spring-test-7.0.8.jar:7.0.8]
	at org.junit.jupiter.engine.descriptor.ClassBasedTestDescriptor.lambda$invokeTestInstancePostProcessors$1(ClassBasedTestDescriptor.java:423) ~[junit-jupiter-engine-6.0.3.jar:6.0.3]
	at org.junit.jupiter.engine.descriptor.ClassBasedTestDescriptor.executeAndMaskThrowable(ClassBasedTestDescriptor.java:428) ~[junit-jupiter-engine-6.0.3.jar:6.0.3]
	at org.junit.jupiter.engine.descriptor.ClassBasedTestDescriptor.lambda$invokeTestInstancePostProcessors$0(ClassBasedTestDescriptor.java:422) ~[junit-jupiter-engine-6.0.3.jar:6.0.3]
	at java.base/java.util.stream.ForEachOps$ForEachOp$OfRef.accept(ForEachOps.java:186) ~[na:na]
	at java.base/java.util.stream.ReferencePipeline$3$1.accept(ReferencePipeline.java:214) ~[na:na]
	at java.base/java.util.stream.ReferencePipeline$2$1.accept(ReferencePipeline.java:197) ~[na:na]
	at java.base/java.util.stream.ReferencePipeline$3$1.accept(ReferencePipeline.java:214) ~[na:na]
	at java.base/java.util.ArrayList$ArrayListSpliterator.forEachRemaining(ArrayList.java:1716) ~[na:na]
	at java.base/java.util.stream.AbstractPipeline.copyInto(AbstractPipeline.java:570) ~[na:na]
	at java.base/java.util.stream.AbstractPipeline.wrapAndCopyInto(AbstractPipeline.java:560) ~[na:na]
	at java.base/java.util.stream.ForEachOps$ForEachOp.evaluateSequential(ForEachOps.java:153) ~[na:na]
	at java.base/java.util.stream.ForEachOps$ForEachOp$OfRef.evaluateSequential(ForEachOps.java:176) ~[na:na]
	at java.base/java.util.stream.AbstractPipeline.evaluate(AbstractPipeline.java:265) ~[na:na]
	at java.base/java.util.stream.ReferencePipeline.forEach(ReferencePipeline.java:632) ~[na:na]
	at org.junit.jupiter.engine.descriptor.ClassBasedTestDescriptor.invokeTestInstancePostProcessors(ClassBasedTestDescriptor.java:422) ~[junit-jupiter-engine-6.0.3.jar:6.0.3]
	at org.junit.jupiter.engine.descriptor.ClassBasedTestDescriptor.lambda$instantiateAndPostProcessTestInstance$0(ClassBasedTestDescriptor.java:334) ~[junit-jupiter-engine-6.0.3.jar:6.0.3]
	at org.junit.platform.engine.support.hierarchical.ThrowableCollector.execute(ThrowableCollector.java:74) ~[junit-platform-engine-6.0.3.jar:6.0.3]
	at org.junit.jupiter.engine.descriptor.ClassBasedTestDescriptor.instantiateAndPostProcessTestInstance(ClassBasedTestDescriptor.java:333) ~[junit-jupiter-engine-6.0.3.jar:6.0.3]
	at org.junit.jupiter.engine.descriptor.ClassBasedTestDescriptor.lambda$testInstancesProvider$1(ClassBasedTestDescriptor.java:322) ~[junit-jupiter-engine-6.0.3.jar:6.0.3]
	at java.base/java.util.Optional.orElseGet(Optional.java:364) ~[na:na]
	at org.junit.jupiter.engine.descriptor.ClassBasedTestDescriptor.lambda$testInstancesProvider$0(ClassBasedTestDescriptor.java:321) ~[junit-jupiter-engine-6.0.3.jar:6.0.3]
	at org.junit.jupiter.engine.execution.TestInstancesProvider.getTestInstances(TestInstancesProvider.java:27) ~[junit-jupiter-engine-6.0.3.jar:6.0.3]
	at org.junit.jupiter.engine.descriptor.TestMethodTestDescriptor.lambda$prepare$0(TestMethodTestDescriptor.java:127) ~[junit-jupiter-engine-6.0.3.jar:6.0.3]
	at org.junit.platform.engine.support.hierarchical.ThrowableCollector.execute(ThrowableCollector.java:74) ~[junit-platform-engine-6.0.3.jar:6.0.3]
	at org.junit.jupiter.engine.descriptor.TestMethodTestDescriptor.prepare(TestMethodTestDescriptor.java:126) ~[junit-jupiter-engine-6.0.3.jar:6.0.3]
	at org.junit.jupiter.engine.descriptor.TestMethodTestDescriptor.prepare(TestMethodTestDescriptor.java:70) ~[junit-jupiter-engine-6.0.3.jar:6.0.3]
	at org.junit.platform.engine.support.hierarchical.NodeTestTask.lambda$prepare$0(NodeTestTask.java:144) ~[junit-platform-engine-6.0.3.jar:6.0.3]
	at org.junit.platform.engine.support.hierarchical.ThrowableCollector.execute(ThrowableCollector.java:74) ~[junit-platform-engine-6.0.3.jar:6.0.3]
	at org.junit.platform.engine.support.hierarchical.NodeTestTask.prepare(NodeTestTask.java:144) ~[junit-platform-engine-6.0.3.jar:6.0.3]
	at org.junit.platform.engine.support.hierarchical.NodeTestTask.execute(NodeTestTask.java:110) ~[junit-platform-engine-6.0.3.jar:6.0.3]
	at java.base/java.util.ArrayList.forEach(ArrayList.java:1604) ~[na:na]
	at org.junit.platform.engine.support.hierarchical.SameThreadHierarchicalTestExecutorService.invokeAll(SameThreadHierarchicalTestExecutorService.java:42) ~[junit-platform-engine-6.0.3.jar:6.0.3]
	at org.junit.platform.engine.support.hierarchical.NodeTestTask.lambda$executeRecursively$2(NodeTestTask.java:180) ~[junit-platform-engine-6.0.3.jar:6.0.3]
	at org.junit.platform.engine.support.hierarchical.ThrowableCollector.execute(ThrowableCollector.java:74) ~[junit-platform-engine-6.0.3.jar:6.0.3]
	at org.junit.platform.engine.support.hierarchical.NodeTestTask.lambda$executeRecursively$1(NodeTestTask.java:166) ~[junit-platform-engine-6.0.3.jar:6.0.3]
	at org.junit.platform.engine.support.hierarchical.Node.around(Node.java:138) ~[junit-platform-engine-6.0.3.jar:6.0.3]
	at org.junit.platform.engine.support.hierarchical.NodeTestTask.lambda$executeRecursively$0(NodeTestTask.java:164) ~[junit-platform-engine-6.0.3.jar:6.0.3]
	at org.junit.platform.engine.support.hierarchical.ThrowableCollector.execute(ThrowableCollector.java:74) ~[junit-platform-engine-6.0.3.jar:6.0.3]
	at org.junit.platform.engine.support.hierarchical.NodeTestTask.executeRecursively(NodeTestTask.java:163) ~[junit-platform-engine-6.0.3.jar:6.0.3]
	at org.junit.platform.engine.support.hierarchical.NodeTestTask.execute(NodeTestTask.java:116) ~[junit-platform-engine-6.0.3.jar:6.0.3]
	at java.base/java.util.ArrayList.forEach(ArrayList.java:1604) ~[na:na]
	at org.junit.platform.engine.support.hierarchical.SameThreadHierarchicalTestExecutorService.invokeAll(SameThreadHierarchicalTestExecutorService.java:42) ~[junit-platform-engine-6.0.3.jar:6.0.3]
	at org.junit.platform.engine.support.hierarchical.NodeTestTask.lambda$executeRecursively$2(NodeTestTask.java:180) ~[junit-platform-engine-6.0.3.jar:6.0.3]
	at org.junit.platform.engine.support.hierarchical.ThrowableCollector.execute(ThrowableCollector.java:74) ~[junit-platform-engine-6.0.3.jar:6.0.3]
	at org.junit.platform.engine.support.hierarchical.NodeTestTask.lambda$executeRecursively$1(NodeTestTask.java:166) ~[junit-platform-engine-6.0.3.jar:6.0.3]
	at org.junit.platform.engine.support.hierarchical.Node.around(Node.java:138) ~[junit-platform-engine-6.0.3.jar:6.0.3]
	at org.junit.platform.engine.support.hierarchical.NodeTestTask.lambda$executeRecursively$0(NodeTestTask.java:164) ~[junit-platform-engine-6.0.3.jar:6.0.3]
	at org.junit.platform.engine.support.hierarchical.ThrowableCollector.execute(ThrowableCollector.java:74) ~[junit-platform-engine-6.0.3.jar:6.0.3]
	at org.junit.platform.engine.support.hierarchical.NodeTestTask.executeRecursively(NodeTestTask.java:163) ~[junit-platform-engine-6.0.3.jar:6.0.3]
	at org.junit.platform.engine.support.hierarchical.NodeTestTask.execute(NodeTestTask.java:116) ~[junit-platform-engine-6.0.3.jar:6.0.3]
	at org.junit.platform.engine.support.hierarchical.SameThreadHierarchicalTestExecutorService.submit(SameThreadHierarchicalTestExecutorService.java:36) ~[junit-platform-engine-6.0.3.jar:6.0.3]
	at org.junit.platform.engine.support.hierarchical.HierarchicalTestExecutor.execute(HierarchicalTestExecutor.java:52) ~[junit-platform-engine-6.0.3.jar:6.0.3]
	at org.junit.platform.engine.support.hierarchical.HierarchicalTestEngine.execute(HierarchicalTestEngine.java:58) ~[junit-platform-engine-6.0.3.jar:6.0.3]
	at org.junit.platform.launcher.core.EngineExecutionOrchestrator.executeEngine(EngineExecutionOrchestrator.java:246) ~[junit-platform-launcher-6.0.3.jar:6.0.3]
	at org.junit.platform.launcher.core.EngineExecutionOrchestrator.failOrExecuteEngine(EngineExecutionOrchestrator.java:218) ~[junit-platform-launcher-6.0.3.jar:6.0.3]
	at org.junit.platform.launcher.core.EngineExecutionOrchestrator.execute(EngineExecutionOrchestrator.java:179) ~[junit-platform-launcher-6.0.3.jar:6.0.3]
	at org.junit.platform.launcher.core.EngineExecutionOrchestrator.execute(EngineExecutionOrchestrator.java:108) ~[junit-platform-launcher-6.0.3.jar:6.0.3]
	at org.junit.platform.launcher.core.EngineExecutionOrchestrator.lambda$execute$0(EngineExecutionOrchestrator.java:66) ~[junit-platform-launcher-6.0.3.jar:6.0.3]
	at org.junit.platform.launcher.core.EngineExecutionOrchestrator.withInterceptedStreams(EngineExecutionOrchestrator.java:157) ~[junit-platform-launcher-6.0.3.jar:6.0.3]
	at org.junit.platform.launcher.core.EngineExecutionOrchestrator.execute(EngineExecutionOrchestrator.java:65) ~[junit-platform-launcher-6.0.3.jar:6.0.3]
	at org.junit.platform.launcher.core.DefaultLauncher.execute(DefaultLauncher.java:125) ~[junit-platform-launcher-6.0.3.jar:6.0.3]
	at org.junit.platform.launcher.core.DefaultLauncher.execute(DefaultLauncher.java:114) ~[junit-platform-launcher-6.0.3.jar:6.0.3]
	at org.junit.platform.launcher.core.DelegatingLauncher.execute(DelegatingLauncher.java:58) ~[junit-platform-launcher-6.0.3.jar:6.0.3]
	at org.junit.platform.launcher.core.InterceptingLauncher.lambda$execute$2(InterceptingLauncher.java:57) ~[junit-platform-launcher-6.0.3.jar:6.0.3]
	at org.junit.platform.launcher.core.ClasspathAlignmentCheckingLauncherInterceptor.intercept(ClasspathAlignmentCheckingLauncherInterceptor.java:25) ~[junit-platform-launcher-6.0.3.jar:6.0.3]
	at org.junit.platform.launcher.core.InterceptingLauncher.execute(InterceptingLauncher.java:56) ~[junit-platform-launcher-6.0.3.jar:6.0.3]
	at org.junit.platform.launcher.core.DelegatingLauncher.execute(DelegatingLauncher.java:58) ~[junit-platform-launcher-6.0.3.jar:6.0.3]
	at java.base/jdk.internal.reflect.DirectMethodHandleAccessor.invoke(DirectMethodHandleAccessor.java:104) ~[na:na]
	at java.base/java.lang.reflect.Method.invoke(Method.java:565) ~[na:na]
	at org.apache.maven.surefire.api.util.ReflectionUtils.invokeMethodWithArray(ReflectionUtils.java:125) ~[surefire-api-3.5.6.jar:3.5.6]
	at org.apache.maven.surefire.junitplatform.LauncherAdapter.executeWithCancellationToken(LauncherAdapter.java:68) ~[surefire-junit-platform-3.5.6.jar:3.5.6]
	at org.apache.maven.surefire.junitplatform.LauncherAdapter.execute(LauncherAdapter.java:54) ~[surefire-junit-platform-3.5.6.jar:3.5.6]
	at org.apache.maven.surefire.junitplatform.JUnitPlatformProvider.execute(JUnitPlatformProvider.java:203) ~[surefire-junit-platform-3.5.6.jar:3.5.6]
	at org.apache.maven.surefire.junitplatform.JUnitPlatformProvider.invokeAllTests(JUnitPlatformProvider.java:168) ~[surefire-junit-platform-3.5.6.jar:3.5.6]
	at org.apache.maven.surefire.junitplatform.JUnitPlatformProvider.invoke(JUnitPlatformProvider.java:136) ~[surefire-junit-platform-3.5.6.jar:3.5.6]
	at org.apache.maven.surefire.booter.ForkedBooter.runSuitesInProcess(ForkedBooter.java:385) ~[surefire-booter-3.5.6.jar:3.5.6]
	at org.apache.maven.surefire.booter.ForkedBooter.execute(ForkedBooter.java:162) ~[surefire-booter-3.5.6.jar:3.5.6]
	at org.apache.maven.surefire.booter.ForkedBooter.run(ForkedBooter.java:507) ~[surefire-booter-3.5.6.jar:3.5.6]
	at org.apache.maven.surefire.booter.ForkedBooter.main(ForkedBooter.java:495) ~[surefire-booter-3.5.6.jar:3.5.6]
Caused by: org.springframework.beans.factory.NoSuchBeanDefinitionException: No qualifying bean of type 'com.fasterxml.jackson.databind.ObjectMapper' available: expected at least 1 bean which qualifies as autowire candidate. Dependency annotations: {@org.springframework.beans.factory.annotation.Autowired(required=true)}
	at org.springframework.beans.factory.support.DefaultListableBeanFactory.raiseNoMatchingBeanFound(DefaultListableBeanFactory.java:2304) ~[spring-beans-7.0.8.jar:7.0.8]
	at org.springframework.beans.factory.support.DefaultListableBeanFactory.doResolveDependency(DefaultListableBeanFactory.java:1732) ~[spring-beans-7.0.8.jar:7.0.8]
	at org.springframework.beans.factory.support.DefaultListableBeanFactory.resolveDependency(DefaultListableBeanFactory.java:1658) ~[spring-beans-7.0.8.jar:7.0.8]
	at org.springframework.beans.factory.annotation.AutowiredAnnotationBeanPostProcessor$AutowiredFieldElement.resolveFieldValue(AutowiredAnnotationBeanPostProcessor.java:764) ~[spring-beans-7.0.8.jar:7.0.8]
	... 88 common frames omitted

2026-08-05T09:03:32.212Z  WARN 8536 --- [payment-processing-system] [main] o.s.test.context.TestContextManager      : Caught exception while allowing TestExecutionListener [org.springframework.test.context.support.DependencyInjectionTestExecutionListener] to prepare test instance [com.payment.payment_processing_system.controller.PaymentControllerIntegrationTest@66261dc3]

org.springframework.beans.factory.UnsatisfiedDependencyException: Error creating bean with name 'com.payment.payment_processing_system.controller.PaymentControllerIntegrationTest': Unsatisfied dependency expressed through field 'objectMapper': No qualifying bean of type 'com.fasterxml.jackson.databind.ObjectMapper' available: expected at least 1 bean which qualifies as autowire candidate. Dependency annotations: {@org.springframework.beans.factory.annotation.Autowired(required=true)}
	at org.springframework.beans.factory.annotation.AutowiredAnnotationBeanPostProcessor$AutowiredFieldElement.resolveFieldValue(AutowiredAnnotationBeanPostProcessor.java:767) ~[spring-beans-7.0.8.jar:7.0.8]
	at org.springframework.beans.factory.annotation.AutowiredAnnotationBeanPostProcessor$AutowiredFieldElement.inject(AutowiredAnnotationBeanPostProcessor.java:748) ~[spring-beans-7.0.8.jar:7.0.8]
	at org.springframework.beans.factory.annotation.InjectionMetadata.inject(InjectionMetadata.java:146) ~[spring-beans-7.0.8.jar:7.0.8]
	at org.springframework.beans.factory.annotation.AutowiredAnnotationBeanPostProcessor.postProcessProperties(AutowiredAnnotationBeanPostProcessor.java:493) ~[spring-beans-7.0.8.jar:7.0.8]
	at org.springframework.beans.factory.support.AbstractAutowireCapableBeanFactory.populateBean(AbstractAutowireCapableBeanFactory.java:1444) ~[spring-beans-7.0.8.jar:7.0.8]
	at org.springframework.beans.factory.support.AbstractAutowireCapableBeanFactory.autowireBeanProperties(AbstractAutowireCapableBeanFactory.java:402) ~[spring-beans-7.0.8.jar:7.0.8]
	at org.springframework.test.context.support.DependencyInjectionTestExecutionListener.injectDependencies(DependencyInjectionTestExecutionListener.java:157) ~[spring-test-7.0.8.jar:7.0.8]
	at org.springframework.test.context.support.DependencyInjectionTestExecutionListener.prepareTestInstance(DependencyInjectionTestExecutionListener.java:111) ~[spring-test-7.0.8.jar:7.0.8]
	at org.springframework.test.context.TestContextManager.prepareTestInstance(TestContextManager.java:260) ~[spring-test-7.0.8.jar:7.0.8]
	at org.springframework.test.context.junit.jupiter.SpringExtension.postProcessTestInstance(SpringExtension.java:242) ~[spring-test-7.0.8.jar:7.0.8]
	at org.junit.jupiter.engine.descriptor.ClassBasedTestDescriptor.lambda$invokeTestInstancePostProcessors$1(ClassBasedTestDescriptor.java:423) ~[junit-jupiter-engine-6.0.3.jar:6.0.3]
	at org.junit.jupiter.engine.descriptor.ClassBasedTestDescriptor.executeAndMaskThrowable(ClassBasedTestDescriptor.java:428) ~[junit-jupiter-engine-6.0.3.jar:6.0.3]
	at org.junit.jupiter.engine.descriptor.ClassBasedTestDescriptor.lambda$invokeTestInstancePostProcessors$0(ClassBasedTestDescriptor.java:422) ~[junit-jupiter-engine-6.0.3.jar:6.0.3]
	at java.base/java.util.stream.ForEachOps$ForEachOp$OfRef.accept(ForEachOps.java:186) ~[na:na]
	at java.base/java.util.stream.ReferencePipeline$3$1.accept(ReferencePipeline.java:214) ~[na:na]
	at java.base/java.util.stream.ReferencePipeline$2$1.accept(ReferencePipeline.java:197) ~[na:na]
	at java.base/java.util.stream.ReferencePipeline$3$1.accept(ReferencePipeline.java:214) ~[na:na]
	at java.base/java.util.ArrayList$ArrayListSpliterator.forEachRemaining(ArrayList.java:1716) ~[na:na]
	at java.base/java.util.stream.AbstractPipeline.copyInto(AbstractPipeline.java:570) ~[na:na]
	at java.base/java.util.stream.AbstractPipeline.wrapAndCopyInto(AbstractPipeline.java:560) ~[na:na]
	at java.base/java.util.stream.ForEachOps$ForEachOp.evaluateSequential(ForEachOps.java:153) ~[na:na]
	at java.base/java.util.stream.ForEachOps$ForEachOp$OfRef.evaluateSequential(ForEachOps.java:176) ~[na:na]
	at java.base/java.util.stream.AbstractPipeline.evaluate(AbstractPipeline.java:265) ~[na:na]
	at java.base/java.util.stream.ReferencePipeline.forEach(ReferencePipeline.java:632) ~[na:na]
	at org.junit.jupiter.engine.descriptor.ClassBasedTestDescriptor.invokeTestInstancePostProcessors(ClassBasedTestDescriptor.java:422) ~[junit-jupiter-engine-6.0.3.jar:6.0.3]
	at org.junit.jupiter.engine.descriptor.ClassBasedTestDescriptor.lambda$instantiateAndPostProcessTestInstance$0(ClassBasedTestDescriptor.java:334) ~[junit-jupiter-engine-6.0.3.jar:6.0.3]
	at org.junit.platform.engine.support.hierarchical.ThrowableCollector.execute(ThrowableCollector.java:74) ~[junit-platform-engine-6.0.3.jar:6.0.3]
	at org.junit.jupiter.engine.descriptor.ClassBasedTestDescriptor.instantiateAndPostProcessTestInstance(ClassBasedTestDescriptor.java:333) ~[junit-jupiter-engine-6.0.3.jar:6.0.3]
	at org.junit.jupiter.engine.descriptor.ClassBasedTestDescriptor.lambda$testInstancesProvider$1(ClassBasedTestDescriptor.java:322) ~[junit-jupiter-engine-6.0.3.jar:6.0.3]
	at java.base/java.util.Optional.orElseGet(Optional.java:364) ~[na:na]
	at org.junit.jupiter.engine.descriptor.ClassBasedTestDescriptor.lambda$testInstancesProvider$0(ClassBasedTestDescriptor.java:321) ~[junit-jupiter-engine-6.0.3.jar:6.0.3]
	at org.junit.jupiter.engine.execution.TestInstancesProvider.getTestInstances(TestInstancesProvider.java:27) ~[junit-jupiter-engine-6.0.3.jar:6.0.3]
	at org.junit.jupiter.engine.descriptor.TestMethodTestDescriptor.lambda$prepare$0(TestMethodTestDescriptor.java:127) ~[junit-jupiter-engine-6.0.3.jar:6.0.3]
	at org.junit.platform.engine.support.hierarchical.ThrowableCollector.execute(ThrowableCollector.java:74) ~[junit-platform-engine-6.0.3.jar:6.0.3]
	at org.junit.jupiter.engine.descriptor.TestMethodTestDescriptor.prepare(TestMethodTestDescriptor.java:126) ~[junit-jupiter-engine-6.0.3.jar:6.0.3]
	at org.junit.jupiter.engine.descriptor.TestMethodTestDescriptor.prepare(TestMethodTestDescriptor.java:70) ~[junit-jupiter-engine-6.0.3.jar:6.0.3]
	at org.junit.platform.engine.support.hierarchical.NodeTestTask.lambda$prepare$0(NodeTestTask.java:144) ~[junit-platform-engine-6.0.3.jar:6.0.3]
	at org.junit.platform.engine.support.hierarchical.ThrowableCollector.execute(ThrowableCollector.java:74) ~[junit-platform-engine-6.0.3.jar:6.0.3]
	at org.junit.platform.engine.support.hierarchical.NodeTestTask.prepare(NodeTestTask.java:144) ~[junit-platform-engine-6.0.3.jar:6.0.3]
	at org.junit.platform.engine.support.hierarchical.NodeTestTask.execute(NodeTestTask.java:110) ~[junit-platform-engine-6.0.3.jar:6.0.3]
	at java.base/java.util.ArrayList.forEach(ArrayList.java:1604) ~[na:na]
	at org.junit.platform.engine.support.hierarchical.SameThreadHierarchicalTestExecutorService.invokeAll(SameThreadHierarchicalTestExecutorService.java:42) ~[junit-platform-engine-6.0.3.jar:6.0.3]
	at org.junit.platform.engine.support.hierarchical.NodeTestTask.lambda$executeRecursively$2(NodeTestTask.java:180) ~[junit-platform-engine-6.0.3.jar:6.0.3]
	at org.junit.platform.engine.support.hierarchical.ThrowableCollector.execute(ThrowableCollector.java:74) ~[junit-platform-engine-6.0.3.jar:6.0.3]
	at org.junit.platform.engine.support.hierarchical.NodeTestTask.lambda$executeRecursively$1(NodeTestTask.java:166) ~[junit-platform-engine-6.0.3.jar:6.0.3]
	at org.junit.platform.engine.support.hierarchical.Node.around(Node.java:138) ~[junit-platform-engine-6.0.3.jar:6.0.3]
	at org.junit.platform.engine.support.hierarchical.NodeTestTask.lambda$executeRecursively$0(NodeTestTask.java:164) ~[junit-platform-engine-6.0.3.jar:6.0.3]
	at org.junit.platform.engine.support.hierarchical.ThrowableCollector.execute(ThrowableCollector.java:74) ~[junit-platform-engine-6.0.3.jar:6.0.3]
	at org.junit.platform.engine.support.hierarchical.NodeTestTask.executeRecursively(NodeTestTask.java:163) ~[junit-platform-engine-6.0.3.jar:6.0.3]
	at org.junit.platform.engine.support.hierarchical.NodeTestTask.execute(NodeTestTask.java:116) ~[junit-platform-engine-6.0.3.jar:6.0.3]
	at java.base/java.util.ArrayList.forEach(ArrayList.java:1604) ~[na:na]
	at org.junit.platform.engine.support.hierarchical.SameThreadHierarchicalTestExecutorService.invokeAll(SameThreadHierarchicalTestExecutorService.java:42) ~[junit-platform-engine-6.0.3.jar:6.0.3]
	at org.junit.platform.engine.support.hierarchical.NodeTestTask.lambda$executeRecursively$2(NodeTestTask.java:180) ~[junit-platform-engine-6.0.3.jar:6.0.3]
	at org.junit.platform.engine.support.hierarchical.ThrowableCollector.execute(ThrowableCollector.java:74) ~[junit-platform-engine-6.0.3.jar:6.0.3]
	at org.junit.platform.engine.support.hierarchical.NodeTestTask.lambda$executeRecursively$1(NodeTestTask.java:166) ~[junit-platform-engine-6.0.3.jar:6.0.3]
	at org.junit.platform.engine.support.hierarchical.Node.around(Node.java:138) ~[junit-platform-engine-6.0.3.jar:6.0.3]
	at org.junit.platform.engine.support.hierarchical.NodeTestTask.lambda$executeRecursively$0(NodeTestTask.java:164) ~[junit-platform-engine-6.0.3.jar:6.0.3]
	at org.junit.platform.engine.support.hierarchical.ThrowableCollector.execute(ThrowableCollector.java:74) ~[junit-platform-engine-6.0.3.jar:6.0.3]
	at org.junit.platform.engine.support.hierarchical.NodeTestTask.executeRecursively(NodeTestTask.java:163) ~[junit-platform-engine-6.0.3.jar:6.0.3]
	at org.junit.platform.engine.support.hierarchical.NodeTestTask.execute(NodeTestTask.java:116) ~[junit-platform-engine-6.0.3.jar:6.0.3]
	at org.junit.platform.engine.support.hierarchical.SameThreadHierarchicalTestExecutorService.submit(SameThreadHierarchicalTestExecutorService.java:36) ~[junit-platform-engine-6.0.3.jar:6.0.3]
	at org.junit.platform.engine.support.hierarchical.HierarchicalTestExecutor.execute(HierarchicalTestExecutor.java:52) ~[junit-platform-engine-6.0.3.jar:6.0.3]
	at org.junit.platform.engine.support.hierarchical.HierarchicalTestEngine.execute(HierarchicalTestEngine.java:58) ~[junit-platform-engine-6.0.3.jar:6.0.3]
	at org.junit.platform.launcher.core.EngineExecutionOrchestrator.executeEngine(EngineExecutionOrchestrator.java:246) ~[junit-platform-launcher-6.0.3.jar:6.0.3]
	at org.junit.platform.launcher.core.EngineExecutionOrchestrator.failOrExecuteEngine(EngineExecutionOrchestrator.java:218) ~[junit-platform-launcher-6.0.3.jar:6.0.3]
	at org.junit.platform.launcher.core.EngineExecutionOrchestrator.execute(EngineExecutionOrchestrator.java:179) ~[junit-platform-launcher-6.0.3.jar:6.0.3]
	at org.junit.platform.launcher.core.EngineExecutionOrchestrator.execute(EngineExecutionOrchestrator.java:108) ~[junit-platform-launcher-6.0.3.jar:6.0.3]
	at org.junit.platform.launcher.core.EngineExecutionOrchestrator.lambda$execute$0(EngineExecutionOrchestrator.java:66) ~[junit-platform-launcher-6.0.3.jar:6.0.3]
	at org.junit.platform.launcher.core.EngineExecutionOrchestrator.withInterceptedStreams(EngineExecutionOrchestrator.java:157) ~[junit-platform-launcher-6.0.3.jar:6.0.3]
	at org.junit.platform.launcher.core.EngineExecutionOrchestrator.execute(EngineExecutionOrchestrator.java:65) ~[junit-platform-launcher-6.0.3.jar:6.0.3]
	at org.junit.platform.launcher.core.DefaultLauncher.execute(DefaultLauncher.java:125) ~[junit-platform-launcher-6.0.3.jar:6.0.3]
	at org.junit.platform.launcher.core.DefaultLauncher.execute(DefaultLauncher.java:114) ~[junit-platform-launcher-6.0.3.jar:6.0.3]
	at org.junit.platform.launcher.core.DelegatingLauncher.execute(DelegatingLauncher.java:58) ~[junit-platform-launcher-6.0.3.jar:6.0.3]
	at org.junit.platform.launcher.core.InterceptingLauncher.lambda$execute$2(InterceptingLauncher.java:57) ~[junit-platform-launcher-6.0.3.jar:6.0.3]
	at org.junit.platform.launcher.core.ClasspathAlignmentCheckingLauncherInterceptor.intercept(ClasspathAlignmentCheckingLauncherInterceptor.java:25) ~[junit-platform-launcher-6.0.3.jar:6.0.3]
	at org.junit.platform.launcher.core.InterceptingLauncher.execute(InterceptingLauncher.java:56) ~[junit-platform-launcher-6.0.3.jar:6.0.3]
	at org.junit.platform.launcher.core.DelegatingLauncher.execute(DelegatingLauncher.java:58) ~[junit-platform-launcher-6.0.3.jar:6.0.3]
	at java.base/jdk.internal.reflect.DirectMethodHandleAccessor.invoke(DirectMethodHandleAccessor.java:104) ~[na:na]
	at java.base/java.lang.reflect.Method.invoke(Method.java:565) ~[na:na]
	at org.apache.maven.surefire.api.util.ReflectionUtils.invokeMethodWithArray(ReflectionUtils.java:125) ~[surefire-api-3.5.6.jar:3.5.6]
	at org.apache.maven.surefire.junitplatform.LauncherAdapter.executeWithCancellationToken(LauncherAdapter.java:68) ~[surefire-junit-platform-3.5.6.jar:3.5.6]
	at org.apache.maven.surefire.junitplatform.LauncherAdapter.execute(LauncherAdapter.java:54) ~[surefire-junit-platform-3.5.6.jar:3.5.6]
	at org.apache.maven.surefire.junitplatform.JUnitPlatformProvider.execute(JUnitPlatformProvider.java:203) ~[surefire-junit-platform-3.5.6.jar:3.5.6]
	at org.apache.maven.surefire.junitplatform.JUnitPlatformProvider.invokeAllTests(JUnitPlatformProvider.java:168) ~[surefire-junit-platform-3.5.6.jar:3.5.6]
	at org.apache.maven.surefire.junitplatform.JUnitPlatformProvider.invoke(JUnitPlatformProvider.java:136) ~[surefire-junit-platform-3.5.6.jar:3.5.6]
	at org.apache.maven.surefire.booter.ForkedBooter.runSuitesInProcess(ForkedBooter.java:385) ~[surefire-booter-3.5.6.jar:3.5.6]
	at org.apache.maven.surefire.booter.ForkedBooter.execute(ForkedBooter.java:162) ~[surefire-booter-3.5.6.jar:3.5.6]
	at org.apache.maven.surefire.booter.ForkedBooter.run(ForkedBooter.java:507) ~[surefire-booter-3.5.6.jar:3.5.6]
	at org.apache.maven.surefire.booter.ForkedBooter.main(ForkedBooter.java:495) ~[surefire-booter-3.5.6.jar:3.5.6]
Caused by: org.springframework.beans.factory.NoSuchBeanDefinitionException: No qualifying bean of type 'com.fasterxml.jackson.databind.ObjectMapper' available: expected at least 1 bean which qualifies as autowire candidate. Dependency annotations: {@org.springframework.beans.factory.annotation.Autowired(required=true)}
	at org.springframework.beans.factory.support.DefaultListableBeanFactory.raiseNoMatchingBeanFound(DefaultListableBeanFactory.java:2304) ~[spring-beans-7.0.8.jar:7.0.8]
	at org.springframework.beans.factory.support.DefaultListableBeanFactory.doResolveDependency(DefaultListableBeanFactory.java:1732) ~[spring-beans-7.0.8.jar:7.0.8]
	at org.springframework.beans.factory.support.DefaultListableBeanFactory.resolveDependency(DefaultListableBeanFactory.java:1658) ~[spring-beans-7.0.8.jar:7.0.8]
	at org.springframework.beans.factory.annotation.AutowiredAnnotationBeanPostProcessor$AutowiredFieldElement.resolveFieldValue(AutowiredAnnotationBeanPostProcessor.java:764) ~[spring-beans-7.0.8.jar:7.0.8]
	... 88 common frames omitted

2026-08-05T09:03:32.566Z  INFO 8536 --- [payment-processing-system] [SpringApplicationShutdownHook] o.s.boot.tomcat.GracefulShutdown         : Commencing graceful shutdown. Waiting for active requests to complete
2026-08-05T09:03:32.599Z  INFO 8536 --- [payment-processing-system] [tomcat-shutdown] o.s.boot.tomcat.GracefulShutdown         : Graceful shutdown complete
2026-08-05T09:03:32.825Z  INFO 8536 --- [payment-processing-system] [SpringApplicationShutdownHook] j.LocalContainerEntityManagerFactoryBean : Closing JPA EntityManagerFactory for persistence unit 'default'
2026-08-05T09:03:32.830Z  INFO 8536 --- [payment-processing-system] [SpringApplicationShutdownHook] com.zaxxer.hikari.HikariDataSource       : HikariPool-1 - Shutdown initiated...
2026-08-05T09:03:32.840Z  INFO 8536 --- [payment-processing-system] [SpringApplicationShutdownHook] com.zaxxer.hikari.HikariDataSource       : HikariPool-1 - Shutdown completed.
2026-08-05T09:04:31.462Z  INFO 5352 --- [payment-processing-system] [main] c.p.p.c.PaymentControllerIntegrationTest : Starting PaymentControllerIntegrationTest using Java 25.0.3 with PID 5352 (started by Administrator in C:\Users\Administrator\Desktop\project\107-InfiniteLoopers-PaymentProcessingSystem)
2026-08-05T09:04:31.466Z  INFO 5352 --- [payment-processing-system] [main] c.p.p.c.PaymentControllerIntegrationTest : No active profile set, falling back to 1 default profile: "default"
2026-08-05T09:04:35.191Z  INFO 5352 --- [payment-processing-system] [main] .s.d.r.c.RepositoryConfigurationDelegate : Bootstrapping Spring Data JPA repositories in DEFAULT mode.
2026-08-05T09:04:35.453Z  INFO 5352 --- [payment-processing-system] [main] .s.d.r.c.RepositoryConfigurationDelegate : Finished Spring Data repository scanning in 228 ms. Found 4 JPA repository interfaces.
2026-08-05T09:04:39.809Z  INFO 5352 --- [payment-processing-system] [main] o.s.boot.tomcat.TomcatWebServer          : Tomcat initialized with port 0 (http)
2026-08-05T09:04:39.869Z  INFO 5352 --- [payment-processing-system] [main] o.apache.catalina.core.StandardService   : Starting service [Tomcat]
2026-08-05T09:04:39.876Z  INFO 5352 --- [payment-processing-system] [main] o.apache.catalina.core.StandardEngine    : Starting Servlet engine: [Apache Tomcat/11.0.22]
2026-08-05T09:04:40.113Z  INFO 5352 --- [payment-processing-system] [main] b.w.c.s.WebApplicationContextInitializer : Root WebApplicationContext: initialization completed in 8592 ms
2026-08-05T09:04:41.226Z  INFO 5352 --- [payment-processing-system] [main] com.zaxxer.hikari.HikariDataSource       : HikariPool-1 - Starting...
2026-08-05T09:04:41.811Z  INFO 5352 --- [payment-processing-system] [main] com.zaxxer.hikari.pool.HikariPool        : HikariPool-1 - Added connection com.mysql.cj.jdbc.ConnectionImpl@49eaabdb
2026-08-05T09:04:41.815Z  INFO 5352 --- [payment-processing-system] [main] com.zaxxer.hikari.HikariDataSource       : HikariPool-1 - Start completed.
2026-08-05T09:04:41.915Z  INFO 5352 --- [payment-processing-system] [main] org.flywaydb.core.FlywayExecutor         : Database: jdbc:mysql://localhost:3306/payment_processing_db?createDatabaseIfNotExist=true&useSSL=false&allowPublicKeyRetrieval=true&serverTimezone=UTC (MySQL 8.0)
2026-08-05T09:04:42.138Z  INFO 5352 --- [payment-processing-system] [main] o.f.core.internal.command.DbValidate     : Successfully validated 5 migrations (execution time 00:00.091s)
2026-08-05T09:04:42.174Z  INFO 5352 --- [payment-processing-system] [main] o.f.core.internal.command.DbMigrate      : Current version of schema `payment_processing_db`: 5
2026-08-05T09:04:42.187Z  INFO 5352 --- [payment-processing-system] [main] o.f.core.internal.command.DbMigrate      : Schema `payment_processing_db` is up to date. No migration necessary.
2026-08-05T09:04:42.517Z  INFO 5352 --- [payment-processing-system] [main] org.hibernate.orm.jpa                    : HHH008540: Processing PersistenceUnitInfo [name: default]
2026-08-05T09:04:42.792Z  INFO 5352 --- [payment-processing-system] [main] org.hibernate.orm.core                   : HHH000001: Hibernate ORM core version 7.4.1.Final
2026-08-05T09:04:43.736Z  INFO 5352 --- [payment-processing-system] [main] o.s.o.j.p.SpringPersistenceUnitInfo      : No LoadTimeWeaver setup: ignoring JPA class transformer
2026-08-05T09:04:43.926Z  WARN 5352 --- [payment-processing-system] [main] org.hibernate.orm.deprecation            : HHH90000025: MySQLDialect does not need to be specified explicitly using 'hibernate.dialect' (remove the property setting and it will be selected by default)
2026-08-05T09:04:43.977Z  INFO 5352 --- [payment-processing-system] [main] org.hibernate.orm.connections.pooling    : HHH10001005: Database info:
	Database JDBC URL [jdbc:mysql://localhost:3306/payment_processing_db?createDatabaseIfNotExist=true&useSSL=false&allowPublicKeyRetrieval=true&serverTimezone=UTC]
	Database driver: MySQL Connector/J
	Database dialect: MySQLDialect
	Database version: 8.0.41
	Default catalog/schema: payment_processing_db/undefined
	Autocommit mode: undefined/unknown
	Isolation level: REPEATABLE_READ [default REPEATABLE_READ]
	JDBC fetch size: none
	Pool: DataSourceConnectionProvider
	Minimum pool size: undefined/unknown
	Maximum pool size: undefined/unknown
2026-08-05T09:04:46.976Z  INFO 5352 --- [payment-processing-system] [main] org.hibernate.orm.core                   : HHH000489: No JTA platform available (set 'hibernate.transaction.jta.platform' to enable JTA platform integration)
2026-08-05T09:04:47.111Z  INFO 5352 --- [payment-processing-system] [main] j.LocalContainerEntityManagerFactoryBean : Initialized JPA EntityManagerFactory for persistence unit 'default'
2026-08-05T09:04:47.368Z  INFO 5352 --- [payment-processing-system] [main] o.s.d.j.r.query.QueryEnhancerFactories   : Hibernate is in classpath; If applicable, HQL parser will be used.
2026-08-05T09:04:53.117Z  INFO 5352 --- [payment-processing-system] [main] o.s.boot.tomcat.TomcatWebServer          : Tomcat started on port 54551 (http) with context path '/'
2026-08-05T09:04:53.132Z  INFO 5352 --- [payment-processing-system] [main] c.p.p.c.PaymentControllerIntegrationTest : Started PaymentControllerIntegrationTest in 22.949 seconds (process running for 29.758)
2026-08-05T09:04:53.526Z  INFO 5352 --- [payment-processing-system] [http-nio-auto-1-exec-1] o.a.c.c.C.[Tomcat].[localhost].[/]       : Initializing Spring DispatcherServlet 'dispatcherServlet'
2026-08-05T09:04:53.528Z  INFO 5352 --- [payment-processing-system] [http-nio-auto-1-exec-1] o.s.web.servlet.DispatcherServlet        : Initializing Servlet 'dispatcherServlet'
2026-08-05T09:04:53.530Z  INFO 5352 --- [payment-processing-system] [http-nio-auto-1-exec-1] o.s.web.servlet.DispatcherServlet        : Completed initialization in 2 ms
2026-08-05T09:04:53.650Z  INFO 5352 --- [payment-processing-system] [http-nio-auto-1-exec-1] c.p.p.controller.PaymentController       : GET /api/payments/TXN-404 - Fetching transaction details
2026-08-05T09:04:53.669Z ERROR 5352 --- [payment-processing-system] [http-nio-auto-1-exec-1] c.p.p.exception.GlobalExceptionHandler   : Transaction not found: Transaction not found with id: TXN-404
2026-08-05T09:04:54.316Z ERROR 5352 --- [payment-processing-system] [http-nio-auto-1-exec-2] c.p.p.exception.GlobalExceptionHandler   : Bean validation failed: upiPin: UPI PIN must contain exactly 4 numeric digits.; senderAccountNumber: Sender account number must not be empty.; amount: Transaction amount must be greater than zero.
2026-08-05T09:04:54.358Z  INFO 5352 --- [payment-processing-system] [http-nio-auto-1-exec-3] c.p.p.controller.PaymentController       : POST /api/payments/retry/TXN-RETRY-001 - Retrying failed payment
2026-08-05T09:04:54.360Z ERROR 5352 --- [payment-processing-system] [http-nio-auto-1-exec-3] c.p.p.exception.GlobalExceptionHandler   : Retry limit exceeded: Retry limit exceeded for TXN-RETRY-001
2026-08-05T09:04:54.455Z  INFO 5352 --- [payment-processing-system] [http-nio-auto-1-exec-4] c.p.p.controller.PaymentController       : POST /api/payments/send - Initiating payment from account: 100000000001
2026-08-05T09:04:54.460Z ERROR 5352 --- [payment-processing-system] [http-nio-auto-1-exec-4] c.p.p.exception.GlobalExceptionHandler   : Unexpected error at [/api/payments/send]: Cannot invoke "com.payment.payment_processing_system.dto.PaymentResponse.isIdempotentReplay()" because "response" is null

java.lang.NullPointerException: Cannot invoke "com.payment.payment_processing_system.dto.PaymentResponse.isIdempotentReplay()" because "response" is null
	at com.payment.payment_processing_system.controller.PaymentController.sendMoney(PaymentController.java:47) ~[classes/:na]
	at java.base/jdk.internal.reflect.DirectMethodHandleAccessor.invoke(DirectMethodHandleAccessor.java:104) ~[na:na]
	at java.base/java.lang.reflect.Method.invoke(Method.java:565) ~[na:na]
	at org.springframework.web.method.support.InvocableHandlerMethod.doInvoke(InvocableHandlerMethod.java:252) ~[spring-web-7.0.8.jar:7.0.8]
	at org.springframework.web.method.support.InvocableHandlerMethod.invokeForRequest(InvocableHandlerMethod.java:184) ~[spring-web-7.0.8.jar:7.0.8]
	at org.springframework.web.servlet.mvc.method.annotation.ServletInvocableHandlerMethod.invokeAndHandle(ServletInvocableHandlerMethod.java:117) ~[spring-webmvc-7.0.8.jar:7.0.8]
	at org.springframework.web.servlet.mvc.method.annotation.RequestMappingHandlerAdapter.invokeHandlerMethod(RequestMappingHandlerAdapter.java:934) ~[spring-webmvc-7.0.8.jar:7.0.8]
	at org.springframework.web.servlet.mvc.method.annotation.RequestMappingHandlerAdapter.handleInternal(RequestMappingHandlerAdapter.java:853) ~[spring-webmvc-7.0.8.jar:7.0.8]
	at org.springframework.web.servlet.mvc.method.AbstractHandlerMethodAdapter.handle(AbstractHandlerMethodAdapter.java:86) ~[spring-webmvc-7.0.8.jar:7.0.8]
	at org.springframework.web.servlet.DispatcherServlet.doDispatch(DispatcherServlet.java:963) ~[spring-webmvc-7.0.8.jar:7.0.8]
	at org.springframework.web.servlet.DispatcherServlet.doService(DispatcherServlet.java:866) ~[spring-webmvc-7.0.8.jar:7.0.8]
	at org.springframework.web.servlet.FrameworkServlet.processRequest(FrameworkServlet.java:1000) ~[spring-webmvc-7.0.8.jar:7.0.8]
	at org.springframework.web.servlet.FrameworkServlet.doPost(FrameworkServlet.java:903) ~[spring-webmvc-7.0.8.jar:7.0.8]
	at jakarta.servlet.http.HttpServlet.service(HttpServlet.java:649) ~[tomcat-embed-core-11.0.22.jar:6.1]
	at org.springframework.web.servlet.FrameworkServlet.service(FrameworkServlet.java:874) ~[spring-webmvc-7.0.8.jar:7.0.8]
	at jakarta.servlet.http.HttpServlet.service(HttpServlet.java:710) ~[tomcat-embed-core-11.0.22.jar:6.1]
	at org.apache.catalina.core.ApplicationFilterChain.doFilter(ApplicationFilterChain.java:128) ~[tomcat-embed-core-11.0.22.jar:11.0.22]
	at org.apache.tomcat.websocket.server.WsFilter.doFilter(WsFilter.java:53) ~[tomcat-embed-websocket-11.0.22.jar:11.0.22]
	at org.apache.catalina.core.ApplicationFilterChain.doFilter(ApplicationFilterChain.java:107) ~[tomcat-embed-core-11.0.22.jar:11.0.22]
	at org.springframework.web.filter.RequestContextFilter.doFilterInternal(RequestContextFilter.java:100) ~[spring-web-7.0.8.jar:7.0.8]
	at org.springframework.web.filter.OncePerRequestFilter.doFilter(OncePerRequestFilter.java:116) ~[spring-web-7.0.8.jar:7.0.8]
	at org.apache.catalina.core.ApplicationFilterChain.doFilter(ApplicationFilterChain.java:107) ~[tomcat-embed-core-11.0.22.jar:11.0.22]
	at org.springframework.web.filter.FormContentFilter.doFilterInternal(FormContentFilter.java:93) ~[spring-web-7.0.8.jar:7.0.8]
	at org.springframework.web.filter.OncePerRequestFilter.doFilter(OncePerRequestFilter.java:116) ~[spring-web-7.0.8.jar:7.0.8]
	at org.apache.catalina.core.ApplicationFilterChain.doFilter(ApplicationFilterChain.java:107) ~[tomcat-embed-core-11.0.22.jar:11.0.22]
	at org.springframework.web.filter.CharacterEncodingFilter.doFilterInternal(CharacterEncodingFilter.java:199) ~[spring-web-7.0.8.jar:7.0.8]
	at org.springframework.web.filter.OncePerRequestFilter.doFilter(OncePerRequestFilter.java:116) ~[spring-web-7.0.8.jar:7.0.8]
	at org.apache.catalina.core.ApplicationFilterChain.doFilter(ApplicationFilterChain.java:107) ~[tomcat-embed-core-11.0.22.jar:11.0.22]
	at org.apache.catalina.core.StandardWrapperValve.invoke(StandardWrapperValve.java:165) ~[tomcat-embed-core-11.0.22.jar:11.0.22]
	at org.apache.catalina.core.StandardContextValve.invoke(StandardContextValve.java:77) ~[tomcat-embed-core-11.0.22.jar:11.0.22]
	at org.apache.catalina.authenticator.AuthenticatorBase.invoke(AuthenticatorBase.java:492) ~[tomcat-embed-core-11.0.22.jar:11.0.22]
	at org.apache.catalina.core.StandardHostValve.invoke(StandardHostValve.java:113) ~[tomcat-embed-core-11.0.22.jar:11.0.22]
	at org.apache.catalina.valves.ErrorReportValve.invoke(ErrorReportValve.java:83) ~[tomcat-embed-core-11.0.22.jar:11.0.22]
	at org.apache.catalina.core.StandardEngineValve.invoke(StandardEngineValve.java:72) ~[tomcat-embed-core-11.0.22.jar:11.0.22]
	at org.apache.catalina.connector.CoyoteAdapter.service(CoyoteAdapter.java:341) ~[tomcat-embed-core-11.0.22.jar:11.0.22]
	at org.apache.coyote.http11.Http11Processor.service(Http11Processor.java:397) ~[tomcat-embed-core-11.0.22.jar:11.0.22]
	at org.apache.coyote.AbstractProcessorLight.process(AbstractProcessorLight.java:63) ~[tomcat-embed-core-11.0.22.jar:11.0.22]
	at org.apache.coyote.AbstractProtocol$ConnectionHandler.process(AbstractProtocol.java:1272) ~[tomcat-embed-core-11.0.22.jar:11.0.22]
	at org.apache.tomcat.util.net.NioEndpoint$SocketProcessor.doRun(NioEndpoint.java:1801) ~[tomcat-embed-core-11.0.22.jar:11.0.22]
	at org.apache.tomcat.util.net.SocketProcessorBase.run(SocketProcessorBase.java:52) ~[tomcat-embed-core-11.0.22.jar:11.0.22]
	at org.apache.tomcat.util.threads.ThreadPoolExecutor.runWorker(ThreadPoolExecutor.java:946) ~[tomcat-embed-core-11.0.22.jar:11.0.22]
	at org.apache.tomcat.util.threads.ThreadPoolExecutor$Worker.run(ThreadPoolExecutor.java:480) ~[tomcat-embed-core-11.0.22.jar:11.0.22]
	at org.apache.tomcat.util.threads.TaskThread$WrappingRunnable.run(TaskThread.java:57) ~[tomcat-embed-core-11.0.22.jar:11.0.22]
	at java.base/java.lang.Thread.run(Thread.java:1474) ~[na:na]

2026-08-05T09:04:54.704Z  INFO 5352 --- [payment-processing-system] [http-nio-auto-1-exec-5] c.p.p.controller.PaymentController       : POST /api/payments/send - Initiating payment from account: 100000000001
2026-08-05T09:04:54.709Z ERROR 5352 --- [payment-processing-system] [http-nio-auto-1-exec-5] c.p.p.exception.GlobalExceptionHandler   : Unexpected error at [/api/payments/send]: Cannot invoke "com.payment.payment_processing_system.dto.PaymentResponse.isIdempotentReplay()" because "response" is null

java.lang.NullPointerException: Cannot invoke "com.payment.payment_processing_system.dto.PaymentResponse.isIdempotentReplay()" because "response" is null
	at com.payment.payment_processing_system.controller.PaymentController.sendMoney(PaymentController.java:47) ~[classes/:na]
	at java.base/jdk.internal.reflect.DirectMethodHandleAccessor.invoke(DirectMethodHandleAccessor.java:104) ~[na:na]
	at java.base/java.lang.reflect.Method.invoke(Method.java:565) ~[na:na]
	at org.springframework.web.method.support.InvocableHandlerMethod.doInvoke(InvocableHandlerMethod.java:252) ~[spring-web-7.0.8.jar:7.0.8]
	at org.springframework.web.method.support.InvocableHandlerMethod.invokeForRequest(InvocableHandlerMethod.java:184) ~[spring-web-7.0.8.jar:7.0.8]
	at org.springframework.web.servlet.mvc.method.annotation.ServletInvocableHandlerMethod.invokeAndHandle(ServletInvocableHandlerMethod.java:117) ~[spring-webmvc-7.0.8.jar:7.0.8]
	at org.springframework.web.servlet.mvc.method.annotation.RequestMappingHandlerAdapter.invokeHandlerMethod(RequestMappingHandlerAdapter.java:934) ~[spring-webmvc-7.0.8.jar:7.0.8]
	at org.springframework.web.servlet.mvc.method.annotation.RequestMappingHandlerAdapter.handleInternal(RequestMappingHandlerAdapter.java:853) ~[spring-webmvc-7.0.8.jar:7.0.8]
	at org.springframework.web.servlet.mvc.method.AbstractHandlerMethodAdapter.handle(AbstractHandlerMethodAdapter.java:86) ~[spring-webmvc-7.0.8.jar:7.0.8]
	at org.springframework.web.servlet.DispatcherServlet.doDispatch(DispatcherServlet.java:963) ~[spring-webmvc-7.0.8.jar:7.0.8]
	at org.springframework.web.servlet.DispatcherServlet.doService(DispatcherServlet.java:866) ~[spring-webmvc-7.0.8.jar:7.0.8]
	at org.springframework.web.servlet.FrameworkServlet.processRequest(FrameworkServlet.java:1000) ~[spring-webmvc-7.0.8.jar:7.0.8]
	at org.springframework.web.servlet.FrameworkServlet.doPost(FrameworkServlet.java:903) ~[spring-webmvc-7.0.8.jar:7.0.8]
	at jakarta.servlet.http.HttpServlet.service(HttpServlet.java:649) ~[tomcat-embed-core-11.0.22.jar:6.1]
	at org.springframework.web.servlet.FrameworkServlet.service(FrameworkServlet.java:874) ~[spring-webmvc-7.0.8.jar:7.0.8]
	at jakarta.servlet.http.HttpServlet.service(HttpServlet.java:710) ~[tomcat-embed-core-11.0.22.jar:6.1]
	at org.apache.catalina.core.ApplicationFilterChain.doFilter(ApplicationFilterChain.java:128) ~[tomcat-embed-core-11.0.22.jar:11.0.22]
	at org.apache.tomcat.websocket.server.WsFilter.doFilter(WsFilter.java:53) ~[tomcat-embed-websocket-11.0.22.jar:11.0.22]
	at org.apache.catalina.core.ApplicationFilterChain.doFilter(ApplicationFilterChain.java:107) ~[tomcat-embed-core-11.0.22.jar:11.0.22]
	at org.springframework.web.filter.RequestContextFilter.doFilterInternal(RequestContextFilter.java:100) ~[spring-web-7.0.8.jar:7.0.8]
	at org.springframework.web.filter.OncePerRequestFilter.doFilter(OncePerRequestFilter.java:116) ~[spring-web-7.0.8.jar:7.0.8]
	at org.apache.catalina.core.ApplicationFilterChain.doFilter(ApplicationFilterChain.java:107) ~[tomcat-embed-core-11.0.22.jar:11.0.22]
	at org.springframework.web.filter.FormContentFilter.doFilterInternal(FormContentFilter.java:93) ~[spring-web-7.0.8.jar:7.0.8]
	at org.springframework.web.filter.OncePerRequestFilter.doFilter(OncePerRequestFilter.java:116) ~[spring-web-7.0.8.jar:7.0.8]
	at org.apache.catalina.core.ApplicationFilterChain.doFilter(ApplicationFilterChain.java:107) ~[tomcat-embed-core-11.0.22.jar:11.0.22]
	at org.springframework.web.filter.CharacterEncodingFilter.doFilterInternal(CharacterEncodingFilter.java:199) ~[spring-web-7.0.8.jar:7.0.8]
	at org.springframework.web.filter.OncePerRequestFilter.doFilter(OncePerRequestFilter.java:116) ~[spring-web-7.0.8.jar:7.0.8]
	at org.apache.catalina.core.ApplicationFilterChain.doFilter(ApplicationFilterChain.java:107) ~[tomcat-embed-core-11.0.22.jar:11.0.22]
	at org.apache.catalina.core.StandardWrapperValve.invoke(StandardWrapperValve.java:165) ~[tomcat-embed-core-11.0.22.jar:11.0.22]
	at org.apache.catalina.core.StandardContextValve.invoke(StandardContextValve.java:77) ~[tomcat-embed-core-11.0.22.jar:11.0.22]
	at org.apache.catalina.authenticator.AuthenticatorBase.invoke(AuthenticatorBase.java:492) ~[tomcat-embed-core-11.0.22.jar:11.0.22]
	at org.apache.catalina.core.StandardHostValve.invoke(StandardHostValve.java:113) ~[tomcat-embed-core-11.0.22.jar:11.0.22]
	at org.apache.catalina.valves.ErrorReportValve.invoke(ErrorReportValve.java:83) ~[tomcat-embed-core-11.0.22.jar:11.0.22]
	at org.apache.catalina.core.StandardEngineValve.invoke(StandardEngineValve.java:72) ~[tomcat-embed-core-11.0.22.jar:11.0.22]
	at org.apache.catalina.connector.CoyoteAdapter.service(CoyoteAdapter.java:341) ~[tomcat-embed-core-11.0.22.jar:11.0.22]
	at org.apache.coyote.http11.Http11Processor.service(Http11Processor.java:397) ~[tomcat-embed-core-11.0.22.jar:11.0.22]
	at org.apache.coyote.AbstractProcessorLight.process(AbstractProcessorLight.java:63) ~[tomcat-embed-core-11.0.22.jar:11.0.22]
	at org.apache.coyote.AbstractProtocol$ConnectionHandler.process(AbstractProtocol.java:1272) ~[tomcat-embed-core-11.0.22.jar:11.0.22]
	at org.apache.tomcat.util.net.NioEndpoint$SocketProcessor.doRun(NioEndpoint.java:1801) ~[tomcat-embed-core-11.0.22.jar:11.0.22]
	at org.apache.tomcat.util.net.SocketProcessorBase.run(SocketProcessorBase.java:52) ~[tomcat-embed-core-11.0.22.jar:11.0.22]
	at org.apache.tomcat.util.threads.ThreadPoolExecutor.runWorker(ThreadPoolExecutor.java:946) ~[tomcat-embed-core-11.0.22.jar:11.0.22]
	at org.apache.tomcat.util.threads.ThreadPoolExecutor$Worker.run(ThreadPoolExecutor.java:480) ~[tomcat-embed-core-11.0.22.jar:11.0.22]
	at org.apache.tomcat.util.threads.TaskThread$WrappingRunnable.run(TaskThread.java:57) ~[tomcat-embed-core-11.0.22.jar:11.0.22]
	at java.base/java.lang.Thread.run(Thread.java:1474) ~[na:na]

2026-08-05T09:04:54.931Z  INFO 5352 --- [payment-processing-system] [SpringApplicationShutdownHook] o.s.boot.tomcat.GracefulShutdown         : Commencing graceful shutdown. Waiting for active requests to complete
2026-08-05T09:04:54.964Z  INFO 5352 --- [payment-processing-system] [tomcat-shutdown] o.s.boot.tomcat.GracefulShutdown         : Graceful shutdown complete
2026-08-05T09:04:55.302Z  INFO 5352 --- [payment-processing-system] [SpringApplicationShutdownHook] j.LocalContainerEntityManagerFactoryBean : Closing JPA EntityManagerFactory for persistence unit 'default'
2026-08-05T09:04:55.310Z  INFO 5352 --- [payment-processing-system] [SpringApplicationShutdownHook] com.zaxxer.hikari.HikariDataSource       : HikariPool-1 - Shutdown initiated...
2026-08-05T09:04:55.322Z  INFO 5352 --- [payment-processing-system] [SpringApplicationShutdownHook] com.zaxxer.hikari.HikariDataSource       : HikariPool-1 - Shutdown completed.
2026-08-05T09:05:55.478Z  INFO 14248 --- [payment-processing-system] [main] c.p.p.c.PaymentControllerIntegrationTest : Starting PaymentControllerIntegrationTest using Java 25.0.3 with PID 14248 (started by Administrator in C:\Users\Administrator\Desktop\project\107-InfiniteLoopers-PaymentProcessingSystem)
2026-08-05T09:05:55.483Z  INFO 14248 --- [payment-processing-system] [main] c.p.p.c.PaymentControllerIntegrationTest : No active profile set, falling back to 1 default profile: "default"
2026-08-05T09:05:59.089Z  INFO 14248 --- [payment-processing-system] [main] .s.d.r.c.RepositoryConfigurationDelegate : Bootstrapping Spring Data JPA repositories in DEFAULT mode.
2026-08-05T09:05:59.297Z  INFO 14248 --- [payment-processing-system] [main] .s.d.r.c.RepositoryConfigurationDelegate : Finished Spring Data repository scanning in 177 ms. Found 4 JPA repository interfaces.
2026-08-05T09:06:04.087Z  INFO 14248 --- [payment-processing-system] [main] o.s.boot.tomcat.TomcatWebServer          : Tomcat initialized with port 0 (http)
2026-08-05T09:06:04.131Z  INFO 14248 --- [payment-processing-system] [main] o.apache.catalina.core.StandardService   : Starting service [Tomcat]
2026-08-05T09:06:04.132Z  INFO 14248 --- [payment-processing-system] [main] o.apache.catalina.core.StandardEngine    : Starting Servlet engine: [Apache Tomcat/11.0.22]
2026-08-05T09:06:04.372Z  INFO 14248 --- [payment-processing-system] [main] b.w.c.s.WebApplicationContextInitializer : Root WebApplicationContext: initialization completed in 8799 ms
2026-08-05T09:06:05.514Z  INFO 14248 --- [payment-processing-system] [main] com.zaxxer.hikari.HikariDataSource       : HikariPool-1 - Starting...
2026-08-05T09:06:06.086Z  INFO 14248 --- [payment-processing-system] [main] com.zaxxer.hikari.pool.HikariPool        : HikariPool-1 - Added connection com.mysql.cj.jdbc.ConnectionImpl@34fa65d6
2026-08-05T09:06:06.092Z  INFO 14248 --- [payment-processing-system] [main] com.zaxxer.hikari.HikariDataSource       : HikariPool-1 - Start completed.
2026-08-05T09:06:06.203Z  INFO 14248 --- [payment-processing-system] [main] org.flywaydb.core.FlywayExecutor         : Database: jdbc:mysql://localhost:3306/payment_processing_db?createDatabaseIfNotExist=true&useSSL=false&allowPublicKeyRetrieval=true&serverTimezone=UTC (MySQL 8.0)
2026-08-05T09:06:06.496Z  INFO 14248 --- [payment-processing-system] [main] o.f.core.internal.command.DbValidate     : Successfully validated 5 migrations (execution time 00:00.137s)
2026-08-05T09:06:06.542Z  INFO 14248 --- [payment-processing-system] [main] o.f.core.internal.command.DbMigrate      : Current version of schema `payment_processing_db`: 5
2026-08-05T09:06:06.550Z  INFO 14248 --- [payment-processing-system] [main] o.f.core.internal.command.DbMigrate      : Schema `payment_processing_db` is up to date. No migration necessary.
2026-08-05T09:06:06.949Z  INFO 14248 --- [payment-processing-system] [main] org.hibernate.orm.jpa                    : HHH008540: Processing PersistenceUnitInfo [name: default]
2026-08-05T09:06:07.116Z  INFO 14248 --- [payment-processing-system] [main] org.hibernate.orm.core                   : HHH000001: Hibernate ORM core version 7.4.1.Final
2026-08-05T09:06:08.123Z  INFO 14248 --- [payment-processing-system] [main] o.s.o.j.p.SpringPersistenceUnitInfo      : No LoadTimeWeaver setup: ignoring JPA class transformer
2026-08-05T09:06:08.304Z  WARN 14248 --- [payment-processing-system] [main] org.hibernate.orm.deprecation            : HHH90000025: MySQLDialect does not need to be specified explicitly using 'hibernate.dialect' (remove the property setting and it will be selected by default)
2026-08-05T09:06:08.346Z  INFO 14248 --- [payment-processing-system] [main] org.hibernate.orm.connections.pooling    : HHH10001005: Database info:
	Database JDBC URL [jdbc:mysql://localhost:3306/payment_processing_db?createDatabaseIfNotExist=true&useSSL=false&allowPublicKeyRetrieval=true&serverTimezone=UTC]
	Database driver: MySQL Connector/J
	Database dialect: MySQLDialect
	Database version: 8.0.41
	Default catalog/schema: payment_processing_db/undefined
	Autocommit mode: undefined/unknown
	Isolation level: REPEATABLE_READ [default REPEATABLE_READ]
	JDBC fetch size: none
	Pool: DataSourceConnectionProvider
	Minimum pool size: undefined/unknown
	Maximum pool size: undefined/unknown
2026-08-05T09:06:11.850Z  INFO 14248 --- [payment-processing-system] [main] org.hibernate.orm.core                   : HHH000489: No JTA platform available (set 'hibernate.transaction.jta.platform' to enable JTA platform integration)
2026-08-05T09:06:12.030Z  INFO 14248 --- [payment-processing-system] [main] j.LocalContainerEntityManagerFactoryBean : Initialized JPA EntityManagerFactory for persistence unit 'default'
2026-08-05T09:06:12.370Z  INFO 14248 --- [payment-processing-system] [main] o.s.d.j.r.query.QueryEnhancerFactories   : Hibernate is in classpath; If applicable, HQL parser will be used.
2026-08-05T09:06:18.210Z  INFO 14248 --- [payment-processing-system] [main] o.s.boot.tomcat.TomcatWebServer          : Tomcat started on port 50934 (http) with context path '/'
2026-08-05T09:06:18.245Z  INFO 14248 --- [payment-processing-system] [main] c.p.p.c.PaymentControllerIntegrationTest : Started PaymentControllerIntegrationTest in 24.097 seconds (process running for 31.481)
2026-08-05T09:06:18.635Z  INFO 14248 --- [payment-processing-system] [http-nio-auto-1-exec-1] o.a.c.c.C.[Tomcat].[localhost].[/]       : Initializing Spring DispatcherServlet 'dispatcherServlet'
2026-08-05T09:06:18.637Z  INFO 14248 --- [payment-processing-system] [http-nio-auto-1-exec-1] o.s.web.servlet.DispatcherServlet        : Initializing Servlet 'dispatcherServlet'
2026-08-05T09:06:18.639Z  INFO 14248 --- [payment-processing-system] [http-nio-auto-1-exec-1] o.s.web.servlet.DispatcherServlet        : Completed initialization in 2 ms
2026-08-05T09:06:18.725Z  INFO 14248 --- [payment-processing-system] [http-nio-auto-1-exec-1] c.p.p.controller.PaymentController       : GET /api/payments/TXN-404 - Fetching transaction details
2026-08-05T09:06:18.735Z ERROR 14248 --- [payment-processing-system] [http-nio-auto-1-exec-1] c.p.p.exception.GlobalExceptionHandler   : Transaction not found: Transaction not found with id: TXN-404
2026-08-05T09:06:19.316Z ERROR 14248 --- [payment-processing-system] [http-nio-auto-1-exec-2] c.p.p.exception.GlobalExceptionHandler   : Bean validation failed: senderAccountNumber: Sender account number must not be empty.; amount: Transaction amount must be greater than zero.; upiPin: UPI PIN must contain exactly 4 numeric digits.
2026-08-05T09:06:19.391Z  INFO 14248 --- [payment-processing-system] [http-nio-auto-1-exec-3] c.p.p.controller.PaymentController       : POST /api/payments/retry/TXN-RETRY-001 - Retrying failed payment
2026-08-05T09:06:19.394Z ERROR 14248 --- [payment-processing-system] [http-nio-auto-1-exec-3] c.p.p.exception.GlobalExceptionHandler   : Retry limit exceeded: Retry limit exceeded for TXN-RETRY-001
2026-08-05T09:06:19.494Z  INFO 14248 --- [payment-processing-system] [http-nio-auto-1-exec-4] c.p.p.controller.PaymentController       : POST /api/payments/send - Initiating payment from account: 100000000001
2026-08-05T09:06:19.637Z  INFO 14248 --- [payment-processing-system] [http-nio-auto-1-exec-5] c.p.p.controller.PaymentController       : POST /api/payments/send - Initiating payment from account: 100000000001
2026-08-05T09:06:19.777Z  INFO 14248 --- [payment-processing-system] [SpringApplicationShutdownHook] o.s.boot.tomcat.GracefulShutdown         : Commencing graceful shutdown. Waiting for active requests to complete
2026-08-05T09:06:19.789Z  INFO 14248 --- [payment-processing-system] [tomcat-shutdown] o.s.boot.tomcat.GracefulShutdown         : Graceful shutdown complete
2026-08-05T09:06:20.039Z  INFO 14248 --- [payment-processing-system] [SpringApplicationShutdownHook] j.LocalContainerEntityManagerFactoryBean : Closing JPA EntityManagerFactory for persistence unit 'default'
2026-08-05T09:06:20.044Z  INFO 14248 --- [payment-processing-system] [SpringApplicationShutdownHook] com.zaxxer.hikari.HikariDataSource       : HikariPool-1 - Shutdown initiated...
2026-08-05T09:06:20.067Z  INFO 14248 --- [payment-processing-system] [SpringApplicationShutdownHook] com.zaxxer.hikari.HikariDataSource       : HikariPool-1 - Shutdown completed.
2026-08-05T09:07:30.113Z  INFO 13480 --- [payment-processing-system] [main] c.p.p.c.PaymentControllerIntegrationTest : Starting PaymentControllerIntegrationTest using Java 25.0.3 with PID 13480 (started by Administrator in C:\Users\Administrator\Desktop\project\107-InfiniteLoopers-PaymentProcessingSystem)
2026-08-05T09:07:30.117Z  INFO 13480 --- [payment-processing-system] [main] c.p.p.c.PaymentControllerIntegrationTest : No active profile set, falling back to 1 default profile: "default"
2026-08-05T09:07:33.886Z  INFO 13480 --- [payment-processing-system] [main] .s.d.r.c.RepositoryConfigurationDelegate : Bootstrapping Spring Data JPA repositories in DEFAULT mode.
2026-08-05T09:07:34.155Z  INFO 13480 --- [payment-processing-system] [main] .s.d.r.c.RepositoryConfigurationDelegate : Finished Spring Data repository scanning in 220 ms. Found 4 JPA repository interfaces.
2026-08-05T09:07:38.799Z  INFO 13480 --- [payment-processing-system] [main] o.s.boot.tomcat.TomcatWebServer          : Tomcat initialized with port 0 (http)
2026-08-05T09:07:38.861Z  INFO 13480 --- [payment-processing-system] [main] o.apache.catalina.core.StandardService   : Starting service [Tomcat]
2026-08-05T09:07:38.863Z  INFO 13480 --- [payment-processing-system] [main] o.apache.catalina.core.StandardEngine    : Starting Servlet engine: [Apache Tomcat/11.0.22]
2026-08-05T09:07:39.012Z  INFO 13480 --- [payment-processing-system] [main] b.w.c.s.WebApplicationContextInitializer : Root WebApplicationContext: initialization completed in 8802 ms
2026-08-05T09:07:40.109Z  INFO 13480 --- [payment-processing-system] [main] com.zaxxer.hikari.HikariDataSource       : HikariPool-1 - Starting...
2026-08-05T09:07:40.796Z  INFO 13480 --- [payment-processing-system] [main] com.zaxxer.hikari.pool.HikariPool        : HikariPool-1 - Added connection com.mysql.cj.jdbc.ConnectionImpl@10adc78d
2026-08-05T09:07:40.801Z  INFO 13480 --- [payment-processing-system] [main] com.zaxxer.hikari.HikariDataSource       : HikariPool-1 - Start completed.
2026-08-05T09:07:40.933Z  INFO 13480 --- [payment-processing-system] [main] org.flywaydb.core.FlywayExecutor         : Database: jdbc:mysql://localhost:3306/payment_processing_db?createDatabaseIfNotExist=true&useSSL=false&allowPublicKeyRetrieval=true&serverTimezone=UTC (MySQL 8.0)
2026-08-05T09:07:41.370Z  INFO 13480 --- [payment-processing-system] [main] o.f.core.internal.command.DbValidate     : Successfully validated 5 migrations (execution time 00:00.079s)
2026-08-05T09:07:41.410Z  INFO 13480 --- [payment-processing-system] [main] o.f.core.internal.command.DbMigrate      : Current version of schema `payment_processing_db`: 5
2026-08-05T09:07:41.418Z  INFO 13480 --- [payment-processing-system] [main] o.f.core.internal.command.DbMigrate      : Schema `payment_processing_db` is up to date. No migration necessary.
2026-08-05T09:07:41.749Z  INFO 13480 --- [payment-processing-system] [main] org.hibernate.orm.jpa                    : HHH008540: Processing PersistenceUnitInfo [name: default]
2026-08-05T09:07:41.954Z  INFO 13480 --- [payment-processing-system] [main] org.hibernate.orm.core                   : HHH000001: Hibernate ORM core version 7.4.1.Final
2026-08-05T09:07:42.958Z  INFO 13480 --- [payment-processing-system] [main] o.s.o.j.p.SpringPersistenceUnitInfo      : No LoadTimeWeaver setup: ignoring JPA class transformer
2026-08-05T09:07:43.145Z  WARN 13480 --- [payment-processing-system] [main] org.hibernate.orm.deprecation            : HHH90000025: MySQLDialect does not need to be specified explicitly using 'hibernate.dialect' (remove the property setting and it will be selected by default)
2026-08-05T09:07:43.196Z  INFO 13480 --- [payment-processing-system] [main] org.hibernate.orm.connections.pooling    : HHH10001005: Database info:
	Database JDBC URL [jdbc:mysql://localhost:3306/payment_processing_db?createDatabaseIfNotExist=true&useSSL=false&allowPublicKeyRetrieval=true&serverTimezone=UTC]
	Database driver: MySQL Connector/J
	Database dialect: MySQLDialect
	Database version: 8.0.41
	Default catalog/schema: payment_processing_db/undefined
	Autocommit mode: undefined/unknown
	Isolation level: REPEATABLE_READ [default REPEATABLE_READ]
	JDBC fetch size: none
	Pool: DataSourceConnectionProvider
	Minimum pool size: undefined/unknown
	Maximum pool size: undefined/unknown
2026-08-05T09:07:46.322Z  INFO 13480 --- [payment-processing-system] [main] org.hibernate.orm.core                   : HHH000489: No JTA platform available (set 'hibernate.transaction.jta.platform' to enable JTA platform integration)
2026-08-05T09:07:46.455Z  INFO 13480 --- [payment-processing-system] [main] j.LocalContainerEntityManagerFactoryBean : Initialized JPA EntityManagerFactory for persistence unit 'default'
2026-08-05T09:07:46.689Z  INFO 13480 --- [payment-processing-system] [main] o.s.d.j.r.query.QueryEnhancerFactories   : Hibernate is in classpath; If applicable, HQL parser will be used.
2026-08-05T09:07:51.708Z  INFO 13480 --- [payment-processing-system] [main] o.s.boot.tomcat.TomcatWebServer          : Tomcat started on port 50952 (http) with context path '/'
2026-08-05T09:07:51.738Z  INFO 13480 --- [payment-processing-system] [main] c.p.p.c.PaymentControllerIntegrationTest : Started PaymentControllerIntegrationTest in 22.966 seconds (process running for 29.546)
2026-08-05T09:07:52.076Z  INFO 13480 --- [payment-processing-system] [http-nio-auto-1-exec-1] o.a.c.c.C.[Tomcat].[localhost].[/]       : Initializing Spring DispatcherServlet 'dispatcherServlet'
2026-08-05T09:07:52.077Z  INFO 13480 --- [payment-processing-system] [http-nio-auto-1-exec-1] o.s.web.servlet.DispatcherServlet        : Initializing Servlet 'dispatcherServlet'
2026-08-05T09:07:52.080Z  INFO 13480 --- [payment-processing-system] [http-nio-auto-1-exec-1] o.s.web.servlet.DispatcherServlet        : Completed initialization in 2 ms
2026-08-05T09:07:52.165Z  INFO 13480 --- [payment-processing-system] [http-nio-auto-1-exec-1] c.p.p.controller.PaymentController       : GET /api/payments/TXN-404 - Fetching transaction details
2026-08-05T09:07:52.176Z ERROR 13480 --- [payment-processing-system] [http-nio-auto-1-exec-1] c.p.p.exception.GlobalExceptionHandler   : Transaction not found: Transaction not found with id: TXN-404
2026-08-05T09:07:52.812Z ERROR 13480 --- [payment-processing-system] [http-nio-auto-1-exec-2] c.p.p.exception.GlobalExceptionHandler   : Bean validation failed: senderAccountNumber: Sender account number must not be empty.; upiPin: UPI PIN must contain exactly 4 numeric digits.; amount: Transaction amount must be greater than zero.
2026-08-05T09:07:52.895Z  INFO 13480 --- [payment-processing-system] [http-nio-auto-1-exec-3] c.p.p.controller.PaymentController       : POST /api/payments/retry/TXN-RETRY-001 - Retrying failed payment
2026-08-05T09:07:52.905Z ERROR 13480 --- [payment-processing-system] [http-nio-auto-1-exec-3] c.p.p.exception.GlobalExceptionHandler   : Retry limit exceeded: Retry limit exceeded for TXN-RETRY-001
2026-08-05T09:07:52.966Z  INFO 13480 --- [payment-processing-system] [http-nio-auto-1-exec-4] c.p.p.controller.PaymentController       : POST /api/payments/send - Initiating payment from account: 100000000001
2026-08-05T09:07:53.027Z  INFO 13480 --- [payment-processing-system] [http-nio-auto-1-exec-5] c.p.p.controller.PaymentController       : POST /api/payments/send - Initiating payment from account: 100000000001
2026-08-05T09:07:53.150Z  INFO 13480 --- [payment-processing-system] [SpringApplicationShutdownHook] o.s.boot.tomcat.GracefulShutdown         : Commencing graceful shutdown. Waiting for active requests to complete
2026-08-05T09:07:53.159Z  INFO 13480 --- [payment-processing-system] [tomcat-shutdown] o.s.boot.tomcat.GracefulShutdown         : Graceful shutdown complete
2026-08-05T09:07:53.468Z  INFO 13480 --- [payment-processing-system] [SpringApplicationShutdownHook] j.LocalContainerEntityManagerFactoryBean : Closing JPA EntityManagerFactory for persistence unit 'default'
2026-08-05T09:07:53.475Z  INFO 13480 --- [payment-processing-system] [SpringApplicationShutdownHook] com.zaxxer.hikari.HikariDataSource       : HikariPool-1 - Shutdown initiated...
2026-08-05T09:07:53.488Z  INFO 13480 --- [payment-processing-system] [SpringApplicationShutdownHook] com.zaxxer.hikari.HikariDataSource       : HikariPool-1 - Shutdown completed.
2026-08-05T09:08:43.893Z  INFO 10148 --- [payment-processing-system] [main] c.p.p.c.PaymentControllerIntegrationTest : Starting PaymentControllerIntegrationTest using Java 25.0.3 with PID 10148 (started by Administrator in C:\Users\Administrator\Desktop\project\107-InfiniteLoopers-PaymentProcessingSystem)
2026-08-05T09:08:43.908Z  INFO 10148 --- [payment-processing-system] [main] c.p.p.c.PaymentControllerIntegrationTest : No active profile set, falling back to 1 default profile: "default"
2026-08-05T09:08:46.182Z  INFO 10148 --- [payment-processing-system] [main] .s.d.r.c.RepositoryConfigurationDelegate : Bootstrapping Spring Data JPA repositories in DEFAULT mode.
2026-08-05T09:08:46.372Z  INFO 10148 --- [payment-processing-system] [main] .s.d.r.c.RepositoryConfigurationDelegate : Finished Spring Data repository scanning in 172 ms. Found 4 JPA repository interfaces.
2026-08-05T09:08:49.249Z  INFO 10148 --- [payment-processing-system] [main] o.s.boot.tomcat.TomcatWebServer          : Tomcat initialized with port 0 (http)
2026-08-05T09:08:49.310Z  INFO 10148 --- [payment-processing-system] [main] o.apache.catalina.core.StandardService   : Starting service [Tomcat]
2026-08-05T09:08:49.314Z  INFO 10148 --- [payment-processing-system] [main] o.apache.catalina.core.StandardEngine    : Starting Servlet engine: [Apache Tomcat/11.0.22]
2026-08-05T09:08:49.440Z  INFO 10148 --- [payment-processing-system] [main] b.w.c.s.WebApplicationContextInitializer : Root WebApplicationContext: initialization completed in 5459 ms
2026-08-05T09:08:50.209Z  INFO 10148 --- [payment-processing-system] [main] com.zaxxer.hikari.HikariDataSource       : HikariPool-1 - Starting...
2026-08-05T09:08:50.708Z  INFO 10148 --- [payment-processing-system] [main] com.zaxxer.hikari.pool.HikariPool        : HikariPool-1 - Added connection com.mysql.cj.jdbc.ConnectionImpl@691a5c3a
2026-08-05T09:08:50.712Z  INFO 10148 --- [payment-processing-system] [main] com.zaxxer.hikari.HikariDataSource       : HikariPool-1 - Start completed.
2026-08-05T09:08:50.788Z  INFO 10148 --- [payment-processing-system] [main] org.flywaydb.core.FlywayExecutor         : Database: jdbc:mysql://localhost:3306/payment_processing_db?createDatabaseIfNotExist=true&useSSL=false&allowPublicKeyRetrieval=true&serverTimezone=UTC (MySQL 8.0)
2026-08-05T09:08:50.966Z  INFO 10148 --- [payment-processing-system] [main] o.f.core.internal.command.DbValidate     : Successfully validated 5 migrations (execution time 00:00.077s)
2026-08-05T09:08:51.002Z  INFO 10148 --- [payment-processing-system] [main] o.f.core.internal.command.DbMigrate      : Current version of schema `payment_processing_db`: 5
2026-08-05T09:08:51.010Z  INFO 10148 --- [payment-processing-system] [main] o.f.core.internal.command.DbMigrate      : Schema `payment_processing_db` is up to date. No migration necessary.
2026-08-05T09:08:51.399Z  INFO 10148 --- [payment-processing-system] [main] org.hibernate.orm.jpa                    : HHH008540: Processing PersistenceUnitInfo [name: default]
2026-08-05T09:08:51.512Z  INFO 10148 --- [payment-processing-system] [main] org.hibernate.orm.core                   : HHH000001: Hibernate ORM core version 7.4.1.Final
2026-08-05T09:08:52.092Z  INFO 10148 --- [payment-processing-system] [main] o.s.o.j.p.SpringPersistenceUnitInfo      : No LoadTimeWeaver setup: ignoring JPA class transformer
2026-08-05T09:08:52.214Z  WARN 10148 --- [payment-processing-system] [main] org.hibernate.orm.deprecation            : HHH90000025: MySQLDialect does not need to be specified explicitly using 'hibernate.dialect' (remove the property setting and it will be selected by default)
2026-08-05T09:08:52.241Z  INFO 10148 --- [payment-processing-system] [main] org.hibernate.orm.connections.pooling    : HHH10001005: Database info:
	Database JDBC URL [jdbc:mysql://localhost:3306/payment_processing_db?createDatabaseIfNotExist=true&useSSL=false&allowPublicKeyRetrieval=true&serverTimezone=UTC]
	Database driver: MySQL Connector/J
	Database dialect: MySQLDialect
	Database version: 8.0.41
	Default catalog/schema: payment_processing_db/undefined
	Autocommit mode: undefined/unknown
	Isolation level: REPEATABLE_READ [default REPEATABLE_READ]
	JDBC fetch size: none
	Pool: DataSourceConnectionProvider
	Minimum pool size: undefined/unknown
	Maximum pool size: undefined/unknown
2026-08-05T09:08:54.159Z  INFO 10148 --- [payment-processing-system] [main] org.hibernate.orm.core                   : HHH000489: No JTA platform available (set 'hibernate.transaction.jta.platform' to enable JTA platform integration)
2026-08-05T09:08:54.236Z  INFO 10148 --- [payment-processing-system] [main] j.LocalContainerEntityManagerFactoryBean : Initialized JPA EntityManagerFactory for persistence unit 'default'
2026-08-05T09:08:54.431Z  INFO 10148 --- [payment-processing-system] [main] o.s.d.j.r.query.QueryEnhancerFactories   : Hibernate is in classpath; If applicable, HQL parser will be used.
2026-08-05T09:08:57.849Z  INFO 10148 --- [payment-processing-system] [main] o.s.boot.tomcat.TomcatWebServer          : Tomcat started on port 50984 (http) with context path '/'
2026-08-05T09:08:57.873Z  INFO 10148 --- [payment-processing-system] [main] c.p.p.c.PaymentControllerIntegrationTest : Started PaymentControllerIntegrationTest in 14.635 seconds (process running for 18.758)
2026-08-05T09:08:58.197Z  INFO 10148 --- [payment-processing-system] [http-nio-auto-1-exec-1] o.a.c.c.C.[Tomcat].[localhost].[/]       : Initializing Spring DispatcherServlet 'dispatcherServlet'
2026-08-05T09:08:58.200Z  INFO 10148 --- [payment-processing-system] [http-nio-auto-1-exec-1] o.s.web.servlet.DispatcherServlet        : Initializing Servlet 'dispatcherServlet'
2026-08-05T09:08:58.204Z  INFO 10148 --- [payment-processing-system] [http-nio-auto-1-exec-1] o.s.web.servlet.DispatcherServlet        : Completed initialization in 4 ms
2026-08-05T09:08:58.298Z  INFO 10148 --- [payment-processing-system] [http-nio-auto-1-exec-1] c.p.p.controller.PaymentController       : GET /api/payments/TXN-404 - Fetching transaction details
2026-08-05T09:08:58.310Z ERROR 10148 --- [payment-processing-system] [http-nio-auto-1-exec-1] c.p.p.exception.GlobalExceptionHandler   : Transaction not found: Transaction not found with id: TXN-404
2026-08-05T09:08:58.719Z ERROR 10148 --- [payment-processing-system] [http-nio-auto-1-exec-2] c.p.p.exception.GlobalExceptionHandler   : Bean validation failed: amount: Transaction amount must be greater than zero.; senderAccountNumber: Sender account number must not be empty.; upiPin: UPI PIN must contain exactly 4 numeric digits.
2026-08-05T09:08:58.767Z  INFO 10148 --- [payment-processing-system] [http-nio-auto-1-exec-3] c.p.p.controller.PaymentController       : POST /api/payments/retry/TXN-RETRY-001 - Retrying failed payment
2026-08-05T09:08:58.770Z ERROR 10148 --- [payment-processing-system] [http-nio-auto-1-exec-3] c.p.p.exception.GlobalExceptionHandler   : Retry limit exceeded: Retry limit exceeded for TXN-RETRY-001
2026-08-05T09:08:58.829Z  INFO 10148 --- [payment-processing-system] [http-nio-auto-1-exec-4] c.p.p.controller.PaymentController       : POST /api/payments/send - Initiating payment from account: 100000000001
2026-08-05T09:08:58.912Z  INFO 10148 --- [payment-processing-system] [http-nio-auto-1-exec-5] c.p.p.controller.PaymentController       : POST /api/payments/send - Initiating payment from account: 100000000001
2026-08-05T09:08:58.952Z  INFO 10148 --- [payment-processing-system] [SpringApplicationShutdownHook] o.s.boot.tomcat.GracefulShutdown         : Commencing graceful shutdown. Waiting for active requests to complete
2026-08-05T09:08:58.960Z  INFO 10148 --- [payment-processing-system] [tomcat-shutdown] o.s.boot.tomcat.GracefulShutdown         : Graceful shutdown complete
2026-08-05T09:08:58.967Z  INFO 10148 --- [payment-processing-system] [SpringApplicationShutdownHook] j.LocalContainerEntityManagerFactoryBean : Closing JPA EntityManagerFactory for persistence unit 'default'
2026-08-05T09:08:58.973Z  INFO 10148 --- [payment-processing-system] [SpringApplicationShutdownHook] com.zaxxer.hikari.HikariDataSource       : HikariPool-1 - Shutdown initiated...
2026-08-05T09:08:58.995Z  INFO 10148 --- [payment-processing-system] [SpringApplicationShutdownHook] com.zaxxer.hikari.HikariDataSource       : HikariPool-1 - Shutdown completed.
2026-08-05T09:32:55.903Z  INFO 7776 --- [payment-processing-system] [main] c.p.p.c.SupportControllerIntegrationTest : Starting SupportControllerIntegrationTest using Java 25.0.3 with PID 7776 (started by Administrator in C:\Users\Administrator\Desktop\project\107-InfiniteLoopers-PaymentProcessingSystem)
2026-08-05T09:32:55.907Z  INFO 7776 --- [payment-processing-system] [main] c.p.p.c.SupportControllerIntegrationTest : No active profile set, falling back to 1 default profile: "default"
2026-08-05T09:32:59.357Z  INFO 7776 --- [payment-processing-system] [main] .s.d.r.c.RepositoryConfigurationDelegate : Bootstrapping Spring Data JPA repositories in DEFAULT mode.
2026-08-05T09:32:59.580Z  INFO 7776 --- [payment-processing-system] [main] .s.d.r.c.RepositoryConfigurationDelegate : Finished Spring Data repository scanning in 155 ms. Found 4 JPA repository interfaces.
2026-08-05T09:33:03.988Z  INFO 7776 --- [payment-processing-system] [main] o.s.boot.tomcat.TomcatWebServer          : Tomcat initialized with port 0 (http)
2026-08-05T09:33:04.027Z  INFO 7776 --- [payment-processing-system] [main] o.apache.catalina.core.StandardService   : Starting service [Tomcat]
2026-08-05T09:33:04.028Z  INFO 7776 --- [payment-processing-system] [main] o.apache.catalina.core.StandardEngine    : Starting Servlet engine: [Apache Tomcat/11.0.22]
2026-08-05T09:33:04.286Z  INFO 7776 --- [payment-processing-system] [main] b.w.c.s.WebApplicationContextInitializer : Root WebApplicationContext: initialization completed in 8301 ms
2026-08-05T09:33:05.264Z  INFO 7776 --- [payment-processing-system] [main] com.zaxxer.hikari.HikariDataSource       : HikariPool-1 - Starting...
2026-08-05T09:33:05.749Z  INFO 7776 --- [payment-processing-system] [main] com.zaxxer.hikari.pool.HikariPool        : HikariPool-1 - Added connection com.mysql.cj.jdbc.ConnectionImpl@76d5040d
2026-08-05T09:33:05.754Z  INFO 7776 --- [payment-processing-system] [main] com.zaxxer.hikari.HikariDataSource       : HikariPool-1 - Start completed.
2026-08-05T09:33:05.862Z  INFO 7776 --- [payment-processing-system] [main] org.flywaydb.core.FlywayExecutor         : Database: jdbc:mysql://localhost:3306/payment_processing_db?createDatabaseIfNotExist=true&useSSL=false&allowPublicKeyRetrieval=true&serverTimezone=UTC (MySQL 8.0)
2026-08-05T09:33:06.133Z  INFO 7776 --- [payment-processing-system] [main] o.f.core.internal.command.DbValidate     : Successfully validated 5 migrations (execution time 00:00.107s)
2026-08-05T09:33:06.167Z  INFO 7776 --- [payment-processing-system] [main] o.f.core.internal.command.DbMigrate      : Current version of schema `payment_processing_db`: 5
2026-08-05T09:33:06.175Z  INFO 7776 --- [payment-processing-system] [main] o.f.core.internal.command.DbMigrate      : Schema `payment_processing_db` is up to date. No migration necessary.
2026-08-05T09:33:06.534Z  INFO 7776 --- [payment-processing-system] [main] org.hibernate.orm.jpa                    : HHH008540: Processing PersistenceUnitInfo [name: default]
2026-08-05T09:33:06.663Z  INFO 7776 --- [payment-processing-system] [main] org.hibernate.orm.core                   : HHH000001: Hibernate ORM core version 7.4.1.Final
2026-08-05T09:33:07.540Z  INFO 7776 --- [payment-processing-system] [main] o.s.o.j.p.SpringPersistenceUnitInfo      : No LoadTimeWeaver setup: ignoring JPA class transformer
2026-08-05T09:33:07.723Z  WARN 7776 --- [payment-processing-system] [main] org.hibernate.orm.deprecation            : HHH90000025: MySQLDialect does not need to be specified explicitly using 'hibernate.dialect' (remove the property setting and it will be selected by default)
2026-08-05T09:33:07.757Z  INFO 7776 --- [payment-processing-system] [main] org.hibernate.orm.connections.pooling    : HHH10001005: Database info:
	Database JDBC URL [jdbc:mysql://localhost:3306/payment_processing_db?createDatabaseIfNotExist=true&useSSL=false&allowPublicKeyRetrieval=true&serverTimezone=UTC]
	Database driver: MySQL Connector/J
	Database dialect: MySQLDialect
	Database version: 8.0.41
	Default catalog/schema: payment_processing_db/undefined
	Autocommit mode: undefined/unknown
	Isolation level: REPEATABLE_READ [default REPEATABLE_READ]
	JDBC fetch size: none
	Pool: DataSourceConnectionProvider
	Minimum pool size: undefined/unknown
	Maximum pool size: undefined/unknown
2026-08-05T09:33:10.762Z  INFO 7776 --- [payment-processing-system] [main] org.hibernate.orm.core                   : HHH000489: No JTA platform available (set 'hibernate.transaction.jta.platform' to enable JTA platform integration)
2026-08-05T09:33:10.851Z  INFO 7776 --- [payment-processing-system] [main] j.LocalContainerEntityManagerFactoryBean : Initialized JPA EntityManagerFactory for persistence unit 'default'
2026-08-05T09:33:11.037Z  INFO 7776 --- [payment-processing-system] [main] o.s.d.j.r.query.QueryEnhancerFactories   : Hibernate is in classpath; If applicable, HQL parser will be used.
2026-08-05T09:33:16.072Z  INFO 7776 --- [payment-processing-system] [main] o.s.boot.tomcat.TomcatWebServer          : Tomcat started on port 58860 (http) with context path '/'
2026-08-05T09:33:16.100Z  INFO 7776 --- [payment-processing-system] [main] c.p.p.c.SupportControllerIntegrationTest : Started SupportControllerIntegrationTest in 21.388 seconds (process running for 33.297)
2026-08-05T09:33:16.442Z  INFO 7776 --- [payment-processing-system] [http-nio-auto-1-exec-1] o.a.c.c.C.[Tomcat].[localhost].[/]       : Initializing Spring DispatcherServlet 'dispatcherServlet'
2026-08-05T09:33:16.443Z  INFO 7776 --- [payment-processing-system] [http-nio-auto-1-exec-1] o.s.web.servlet.DispatcherServlet        : Initializing Servlet 'dispatcherServlet'
2026-08-05T09:33:16.446Z  INFO 7776 --- [payment-processing-system] [http-nio-auto-1-exec-1] o.s.web.servlet.DispatcherServlet        : Completed initialization in 2 ms
2026-08-05T09:33:16.603Z  INFO 7776 --- [payment-processing-system] [http-nio-auto-1-exec-1] c.p.p.controller.SupportController       : GET /api/support/customer/100000000001 - Fetching transactions for account
2026-08-05T09:33:16.962Z  INFO 7776 --- [payment-processing-system] [http-nio-auto-1-exec-2] c.p.p.controller.SupportController       : GET /api/support/dashboard - Fetching dashboard statistics
2026-08-05T09:33:17.041Z  INFO 7776 --- [payment-processing-system] [http-nio-auto-1-exec-3] c.p.p.controller.SupportController       : GET /api/support/transactions - Fetching all transactions
2026-08-05T09:33:17.083Z  INFO 7776 --- [payment-processing-system] [http-nio-auto-1-exec-4] c.p.p.controller.SupportController       : GET /api/support/customer/404 - Fetching transactions for account
2026-08-05T09:33:17.092Z ERROR 7776 --- [payment-processing-system] [http-nio-auto-1-exec-4] c.p.p.exception.GlobalExceptionHandler   : Account not found: Account not found with number: 404
2026-08-05T09:33:17.158Z  INFO 7776 --- [payment-processing-system] [http-nio-auto-1-exec-5] c.p.p.controller.SupportController       : GET /api/support/status/COMPLETED - Fetching transactions by status
2026-08-05T09:33:17.310Z  INFO 7776 --- [payment-processing-system] [SpringApplicationShutdownHook] o.s.boot.tomcat.GracefulShutdown         : Commencing graceful shutdown. Waiting for active requests to complete
2026-08-05T09:33:17.338Z  INFO 7776 --- [payment-processing-system] [tomcat-shutdown] o.s.boot.tomcat.GracefulShutdown         : Graceful shutdown complete
2026-08-05T09:33:17.612Z  INFO 7776 --- [payment-processing-system] [SpringApplicationShutdownHook] j.LocalContainerEntityManagerFactoryBean : Closing JPA EntityManagerFactory for persistence unit 'default'
2026-08-05T09:33:17.623Z  INFO 7776 --- [payment-processing-system] [SpringApplicationShutdownHook] com.zaxxer.hikari.HikariDataSource       : HikariPool-1 - Shutdown initiated...
2026-08-05T09:33:17.648Z  INFO 7776 --- [payment-processing-system] [SpringApplicationShutdownHook] com.zaxxer.hikari.HikariDataSource       : HikariPool-1 - Shutdown completed.
2026-08-05T10:53:51.824Z  INFO 156 --- [payment-processing-system] [main] .p.p.c.CustomerControllerIntegrationTest : Starting CustomerControllerIntegrationTest using Java 25.0.3 with PID 156 (started by Administrator in C:\Users\Administrator\Desktop\project\107-InfiniteLoopers-PaymentProcessingSystem)
2026-08-05T10:53:51.827Z  INFO 156 --- [payment-processing-system] [main] .p.p.c.CustomerControllerIntegrationTest : No active profile set, falling back to 1 default profile: "default"
2026-08-05T10:53:55.442Z  INFO 156 --- [payment-processing-system] [main] .s.d.r.c.RepositoryConfigurationDelegate : Bootstrapping Spring Data JPA repositories in DEFAULT mode.
2026-08-05T10:53:55.701Z  INFO 156 --- [payment-processing-system] [main] .s.d.r.c.RepositoryConfigurationDelegate : Finished Spring Data repository scanning in 219 ms. Found 4 JPA repository interfaces.
2026-08-05T10:54:00.256Z  INFO 156 --- [payment-processing-system] [main] o.s.boot.tomcat.TomcatWebServer          : Tomcat initialized with port 0 (http)
2026-08-05T10:54:00.320Z  INFO 156 --- [payment-processing-system] [main] o.apache.catalina.core.StandardService   : Starting service [Tomcat]
2026-08-05T10:54:00.322Z  INFO 156 --- [payment-processing-system] [main] o.apache.catalina.core.StandardEngine    : Starting Servlet engine: [Apache Tomcat/11.0.22]
2026-08-05T10:54:00.506Z  INFO 156 --- [payment-processing-system] [main] b.w.c.s.WebApplicationContextInitializer : Root WebApplicationContext: initialization completed in 8614 ms
2026-08-05T10:54:01.358Z  INFO 156 --- [payment-processing-system] [main] com.zaxxer.hikari.HikariDataSource       : HikariPool-1 - Starting...
2026-08-05T10:54:01.873Z  INFO 156 --- [payment-processing-system] [main] com.zaxxer.hikari.pool.HikariPool        : HikariPool-1 - Added connection com.mysql.cj.jdbc.ConnectionImpl@4aa3088
2026-08-05T10:54:01.877Z  INFO 156 --- [payment-processing-system] [main] com.zaxxer.hikari.HikariDataSource       : HikariPool-1 - Start completed.
2026-08-05T10:54:02.032Z  INFO 156 --- [payment-processing-system] [main] org.flywaydb.core.FlywayExecutor         : Database: jdbc:mysql://localhost:3306/payment_processing_db?createDatabaseIfNotExist=true&useSSL=false&allowPublicKeyRetrieval=true&serverTimezone=UTC (MySQL 8.0)
2026-08-05T10:54:02.273Z  INFO 156 --- [payment-processing-system] [main] o.f.core.internal.command.DbValidate     : Successfully validated 5 migrations (execution time 00:00.097s)
2026-08-05T10:54:02.312Z  INFO 156 --- [payment-processing-system] [main] o.f.core.internal.command.DbMigrate      : Current version of schema `payment_processing_db`: 5
2026-08-05T10:54:02.320Z  INFO 156 --- [payment-processing-system] [main] o.f.core.internal.command.DbMigrate      : Schema `payment_processing_db` is up to date. No migration necessary.
2026-08-05T10:54:02.666Z  INFO 156 --- [payment-processing-system] [main] org.hibernate.orm.jpa                    : HHH008540: Processing PersistenceUnitInfo [name: default]
2026-08-05T10:54:02.818Z  INFO 156 --- [payment-processing-system] [main] org.hibernate.orm.core                   : HHH000001: Hibernate ORM core version 7.4.1.Final
2026-08-05T10:54:03.836Z  INFO 156 --- [payment-processing-system] [main] o.s.o.j.p.SpringPersistenceUnitInfo      : No LoadTimeWeaver setup: ignoring JPA class transformer
2026-08-05T10:54:04.016Z  WARN 156 --- [payment-processing-system] [main] org.hibernate.orm.deprecation            : HHH90000025: MySQLDialect does not need to be specified explicitly using 'hibernate.dialect' (remove the property setting and it will be selected by default)
2026-08-05T10:54:04.055Z  INFO 156 --- [payment-processing-system] [main] org.hibernate.orm.connections.pooling    : HHH10001005: Database info:
	Database JDBC URL [jdbc:mysql://localhost:3306/payment_processing_db?createDatabaseIfNotExist=true&useSSL=false&allowPublicKeyRetrieval=true&serverTimezone=UTC]
	Database driver: MySQL Connector/J
	Database dialect: MySQLDialect
	Database version: 8.0.41
	Default catalog/schema: payment_processing_db/undefined
	Autocommit mode: undefined/unknown
	Isolation level: REPEATABLE_READ [default REPEATABLE_READ]
	JDBC fetch size: none
	Pool: DataSourceConnectionProvider
	Minimum pool size: undefined/unknown
	Maximum pool size: undefined/unknown
2026-08-05T10:54:07.173Z  INFO 156 --- [payment-processing-system] [main] org.hibernate.orm.core                   : HHH000489: No JTA platform available (set 'hibernate.transaction.jta.platform' to enable JTA platform integration)
2026-08-05T10:54:07.317Z  INFO 156 --- [payment-processing-system] [main] j.LocalContainerEntityManagerFactoryBean : Initialized JPA EntityManagerFactory for persistence unit 'default'
2026-08-05T10:54:07.616Z  INFO 156 --- [payment-processing-system] [main] o.s.d.j.r.query.QueryEnhancerFactories   : Hibernate is in classpath; If applicable, HQL parser will be used.
2026-08-05T10:54:13.894Z  INFO 156 --- [payment-processing-system] [main] o.s.boot.tomcat.TomcatWebServer          : Tomcat started on port 49536 (http) with context path '/'
2026-08-05T10:54:13.915Z  INFO 156 --- [payment-processing-system] [main] .p.p.c.CustomerControllerIntegrationTest : Started CustomerControllerIntegrationTest in 23.192 seconds (process running for 30.484)
2026-08-05T10:54:14.275Z  INFO 156 --- [payment-processing-system] [http-nio-auto-1-exec-1] o.a.c.c.C.[Tomcat].[localhost].[/]       : Initializing Spring DispatcherServlet 'dispatcherServlet'
2026-08-05T10:54:14.276Z  INFO 156 --- [payment-processing-system] [http-nio-auto-1-exec-1] o.s.web.servlet.DispatcherServlet        : Initializing Servlet 'dispatcherServlet'
2026-08-05T10:54:14.279Z  INFO 156 --- [payment-processing-system] [http-nio-auto-1-exec-1] o.s.web.servlet.DispatcherServlet        : Completed initialization in 3 ms
2026-08-05T10:54:14.409Z  INFO 156 --- [payment-processing-system] [http-nio-auto-1-exec-1] c.p.p.controller.CustomerController      : GET /api/customers/404/transactions - Fetching transaction history
2026-08-05T10:54:14.421Z ERROR 156 --- [payment-processing-system] [http-nio-auto-1-exec-1] c.p.p.exception.GlobalExceptionHandler   : Account not found: Account not found with number: 404
2026-08-05T10:54:14.868Z  INFO 156 --- [payment-processing-system] [http-nio-auto-1-exec-2] c.p.p.controller.CustomerController      : GET /api/customers/1 - Fetching customer by ID
2026-08-05T10:54:14.923Z  INFO 156 --- [payment-processing-system] [http-nio-auto-1-exec-3] c.p.p.controller.CustomerController      : GET /api/customers/404 - Fetching customer by ID
2026-08-05T10:54:14.926Z ERROR 156 --- [payment-processing-system] [http-nio-auto-1-exec-3] c.p.p.exception.GlobalExceptionHandler   : Customer not found: Customer not found with ID: 404
2026-08-05T10:54:14.970Z  INFO 156 --- [payment-processing-system] [http-nio-auto-1-exec-4] c.p.p.controller.CustomerController      : GET /api/customers/account/100000000002 - Fetching customer by account number
2026-08-05T10:54:15.008Z  INFO 156 --- [payment-processing-system] [http-nio-auto-1-exec-7] c.p.p.controller.CustomerController      : GET /api/customers - Fetching all customers
2026-08-05T10:54:15.091Z  INFO 156 --- [payment-processing-system] [http-nio-auto-1-exec-9] c.p.p.controller.CustomerController      : GET /api/customers/100000000001/transactions - Fetching transaction history
2026-08-05T10:54:15.137Z  INFO 156 --- [payment-processing-system] [http-nio-auto-1-exec-6] c.p.p.controller.CustomerController      : GET /api/customers/transaction/TXN-404 - Fetching transaction details
2026-08-05T10:54:15.145Z ERROR 156 --- [payment-processing-system] [http-nio-auto-1-exec-6] c.p.p.exception.GlobalExceptionHandler   : Transaction not found: Transaction not found with id: TXN-404
2026-08-05T10:54:15.174Z  INFO 156 --- [payment-processing-system] [http-nio-auto-1-exec-8] c.p.p.controller.CustomerController      : GET /api/customers/transaction/TXN-DET-1 - Fetching transaction details
2026-08-05T10:54:15.433Z  INFO 156 --- [payment-processing-system] [SpringApplicationShutdownHook] o.s.boot.tomcat.GracefulShutdown         : Commencing graceful shutdown. Waiting for active requests to complete
2026-08-05T10:54:15.474Z  INFO 156 --- [payment-processing-system] [tomcat-shutdown] o.s.boot.tomcat.GracefulShutdown         : Graceful shutdown complete
2026-08-05T10:54:15.773Z  INFO 156 --- [payment-processing-system] [SpringApplicationShutdownHook] j.LocalContainerEntityManagerFactoryBean : Closing JPA EntityManagerFactory for persistence unit 'default'
2026-08-05T10:54:15.779Z  INFO 156 --- [payment-processing-system] [SpringApplicationShutdownHook] com.zaxxer.hikari.HikariDataSource       : HikariPool-1 - Shutdown initiated...
2026-08-05T10:54:15.813Z  INFO 156 --- [payment-processing-system] [SpringApplicationShutdownHook] com.zaxxer.hikari.HikariDataSource       : HikariPool-1 - Shutdown completed.
2026-08-05T11:00:56.166Z  INFO 13164 --- [payment-processing-system] [main] .e.GlobalExceptionHandlerIntegrationTest : Starting GlobalExceptionHandlerIntegrationTest using Java 25.0.3 with PID 13164 (started by Administrator in C:\Users\Administrator\Desktop\project\107-InfiniteLoopers-PaymentProcessingSystem)
2026-08-05T11:00:56.170Z  INFO 13164 --- [payment-processing-system] [main] .e.GlobalExceptionHandlerIntegrationTest : No active profile set, falling back to 1 default profile: "default"
2026-08-05T11:00:59.634Z  INFO 13164 --- [payment-processing-system] [main] .s.d.r.c.RepositoryConfigurationDelegate : Bootstrapping Spring Data JPA repositories in DEFAULT mode.
2026-08-05T11:00:59.810Z  INFO 13164 --- [payment-processing-system] [main] .s.d.r.c.RepositoryConfigurationDelegate : Finished Spring Data repository scanning in 153 ms. Found 4 JPA repository interfaces.
2026-08-05T11:01:04.293Z  INFO 13164 --- [payment-processing-system] [main] o.s.boot.tomcat.TomcatWebServer          : Tomcat initialized with port 0 (http)
2026-08-05T11:01:04.367Z  INFO 13164 --- [payment-processing-system] [main] o.apache.catalina.core.StandardService   : Starting service [Tomcat]
2026-08-05T11:01:04.369Z  INFO 13164 --- [payment-processing-system] [main] o.apache.catalina.core.StandardEngine    : Starting Servlet engine: [Apache Tomcat/11.0.22]
2026-08-05T11:01:04.536Z  INFO 13164 --- [payment-processing-system] [main] b.w.c.s.WebApplicationContextInitializer : Root WebApplicationContext: initialization completed in 8274 ms
2026-08-05T11:01:05.470Z  INFO 13164 --- [payment-processing-system] [main] com.zaxxer.hikari.HikariDataSource       : HikariPool-1 - Starting...
2026-08-05T11:01:06.035Z  INFO 13164 --- [payment-processing-system] [main] com.zaxxer.hikari.pool.HikariPool        : HikariPool-1 - Added connection com.mysql.cj.jdbc.ConnectionImpl@5cecbd49
2026-08-05T11:01:06.040Z  INFO 13164 --- [payment-processing-system] [main] com.zaxxer.hikari.HikariDataSource       : HikariPool-1 - Start completed.
2026-08-05T11:01:06.280Z  INFO 13164 --- [payment-processing-system] [main] org.flywaydb.core.FlywayExecutor         : Database: jdbc:mysql://localhost:3306/payment_processing_db?createDatabaseIfNotExist=true&useSSL=false&allowPublicKeyRetrieval=true&serverTimezone=UTC (MySQL 8.0)
2026-08-05T11:01:06.628Z  INFO 13164 --- [payment-processing-system] [main] o.f.core.internal.command.DbValidate     : Successfully validated 5 migrations (execution time 00:00.074s)
2026-08-05T11:01:06.660Z  INFO 13164 --- [payment-processing-system] [main] o.f.core.internal.command.DbMigrate      : Current version of schema `payment_processing_db`: 5
2026-08-05T11:01:06.667Z  INFO 13164 --- [payment-processing-system] [main] o.f.core.internal.command.DbMigrate      : Schema `payment_processing_db` is up to date. No migration necessary.
2026-08-05T11:01:07.004Z  INFO 13164 --- [payment-processing-system] [main] org.hibernate.orm.jpa                    : HHH008540: Processing PersistenceUnitInfo [name: default]
2026-08-05T11:01:07.188Z  INFO 13164 --- [payment-processing-system] [main] org.hibernate.orm.core                   : HHH000001: Hibernate ORM core version 7.4.1.Final
2026-08-05T11:01:08.179Z  INFO 13164 --- [payment-processing-system] [main] o.s.o.j.p.SpringPersistenceUnitInfo      : No LoadTimeWeaver setup: ignoring JPA class transformer
2026-08-05T11:01:08.357Z  WARN 13164 --- [payment-processing-system] [main] org.hibernate.orm.deprecation            : HHH90000025: MySQLDialect does not need to be specified explicitly using 'hibernate.dialect' (remove the property setting and it will be selected by default)
2026-08-05T11:01:08.399Z  INFO 13164 --- [payment-processing-system] [main] org.hibernate.orm.connections.pooling    : HHH10001005: Database info:
	Database JDBC URL [jdbc:mysql://localhost:3306/payment_processing_db?createDatabaseIfNotExist=true&useSSL=false&allowPublicKeyRetrieval=true&serverTimezone=UTC]
	Database driver: MySQL Connector/J
	Database dialect: MySQLDialect
	Database version: 8.0.41
	Default catalog/schema: payment_processing_db/undefined
	Autocommit mode: undefined/unknown
	Isolation level: REPEATABLE_READ [default REPEATABLE_READ]
	JDBC fetch size: none
	Pool: DataSourceConnectionProvider
	Minimum pool size: undefined/unknown
	Maximum pool size: undefined/unknown
2026-08-05T11:01:11.631Z  INFO 13164 --- [payment-processing-system] [main] org.hibernate.orm.core                   : HHH000489: No JTA platform available (set 'hibernate.transaction.jta.platform' to enable JTA platform integration)
2026-08-05T11:01:11.794Z  INFO 13164 --- [payment-processing-system] [main] j.LocalContainerEntityManagerFactoryBean : Initialized JPA EntityManagerFactory for persistence unit 'default'
2026-08-05T11:01:12.085Z  INFO 13164 --- [payment-processing-system] [main] o.s.d.j.r.query.QueryEnhancerFactories   : Hibernate is in classpath; If applicable, HQL parser will be used.
2026-08-05T11:01:17.989Z  INFO 13164 --- [payment-processing-system] [main] o.s.boot.tomcat.TomcatWebServer          : Tomcat started on port 51230 (http) with context path '/'
2026-08-05T11:01:18.020Z  INFO 13164 --- [payment-processing-system] [main] .e.GlobalExceptionHandlerIntegrationTest : Started GlobalExceptionHandlerIntegrationTest in 23.091 seconds (process running for 30.078)
2026-08-05T11:01:18.362Z  INFO 13164 --- [payment-processing-system] [http-nio-auto-1-exec-1] o.a.c.c.C.[Tomcat].[localhost].[/]       : Initializing Spring DispatcherServlet 'dispatcherServlet'
2026-08-05T11:01:18.364Z  INFO 13164 --- [payment-processing-system] [http-nio-auto-1-exec-1] o.s.web.servlet.DispatcherServlet        : Initializing Servlet 'dispatcherServlet'
2026-08-05T11:01:18.366Z  INFO 13164 --- [payment-processing-system] [http-nio-auto-1-exec-1] o.s.web.servlet.DispatcherServlet        : Completed initialization in 2 ms
2026-08-05T11:01:18.462Z  INFO 13164 --- [payment-processing-system] [http-nio-auto-1-exec-1] c.p.p.controller.PaymentController       : POST /api/payments/retry/TXN-RETRY-429 - Retrying failed payment
2026-08-05T11:01:18.474Z ERROR 13164 --- [payment-processing-system] [http-nio-auto-1-exec-1] c.p.p.exception.GlobalExceptionHandler   : Max retry limit exceeded: Max retries reached
2026-08-05T11:01:19.132Z  INFO 13164 --- [payment-processing-system] [http-nio-auto-1-exec-2] c.p.p.controller.PaymentController       : POST /api/payments/send - Initiating payment from account: 100000000001
2026-08-05T11:01:19.153Z ERROR 13164 --- [payment-processing-system] [http-nio-auto-1-exec-2] c.p.p.exception.GlobalExceptionHandler   : Duplicate payment detected: Idempotency key already used
2026-08-05T11:01:19.197Z  INFO 13164 --- [payment-processing-system] [http-nio-auto-1-exec-3] c.p.p.controller.PaymentController       : POST /api/payments/send - Initiating payment from account: 100000000001
2026-08-05T11:01:19.200Z ERROR 13164 --- [payment-processing-system] [http-nio-auto-1-exec-3] c.p.p.exception.GlobalExceptionHandler   : Insufficient balance: Insufficient balance
2026-08-05T11:01:19.238Z  INFO 13164 --- [payment-processing-system] [http-nio-auto-1-exec-4] c.p.p.controller.PaymentController       : POST /api/payments/send - Initiating payment from account: 100000000001
2026-08-05T11:01:19.241Z ERROR 13164 --- [payment-processing-system] [http-nio-auto-1-exec-4] c.p.p.exception.GlobalExceptionHandler   : Invalid payment request: Amount must be greater than zero
2026-08-05T11:01:19.284Z  INFO 13164 --- [payment-processing-system] [http-nio-auto-1-exec-5] c.p.p.controller.PaymentController       : POST /api/payments/send - Initiating payment from account: 100000000001
2026-08-05T11:01:19.286Z ERROR 13164 --- [payment-processing-system] [http-nio-auto-1-exec-5] c.p.p.exception.GlobalExceptionHandler   : Payment validation failed: Payment validation failed
2026-08-05T11:01:19.323Z  INFO 13164 --- [payment-processing-system] [http-nio-auto-1-exec-6] c.p.p.controller.PaymentController       : POST /api/payments/send - Initiating payment from account: 100000000001
2026-08-05T11:01:19.326Z ERROR 13164 --- [payment-processing-system] [http-nio-auto-1-exec-6] c.p.p.exception.GlobalExceptionHandler   : Invalid payment request: Invalid status transition from CREATED to COMPLETED
2026-08-05T11:01:19.365Z  INFO 13164 --- [payment-processing-system] [http-nio-auto-1-exec-7] c.p.p.controller.PaymentController       : POST /api/payments/send - Initiating payment from account: 100000000001
2026-08-05T11:01:19.367Z ERROR 13164 --- [payment-processing-system] [http-nio-auto-1-exec-7] c.p.p.exception.GlobalExceptionHandler   : Invalid UPI PIN: Invalid UPI PIN
2026-08-05T11:01:19.402Z  INFO 13164 --- [payment-processing-system] [http-nio-auto-1-exec-8] c.p.p.controller.PaymentController       : GET /api/payments/TXN-500 - Fetching transaction details
2026-08-05T11:01:19.404Z ERROR 13164 --- [payment-processing-system] [http-nio-auto-1-exec-8] c.p.p.exception.GlobalExceptionHandler   : Unexpected error at [/api/payments/TXN-500]: Unexpected crash

java.lang.RuntimeException: Unexpected crash
	at com.payment.payment_processing_system.controller.PaymentController.getTransaction(PaymentController.java:75) ~[classes/:na]
	at java.base/jdk.internal.reflect.DirectMethodHandleAccessor.invoke(DirectMethodHandleAccessor.java:104) ~[na:na]
	at java.base/java.lang.reflect.Method.invoke(Method.java:565) ~[na:na]
	at org.springframework.web.method.support.InvocableHandlerMethod.doInvoke(InvocableHandlerMethod.java:252) ~[spring-web-7.0.8.jar:7.0.8]
	at org.springframework.web.method.support.InvocableHandlerMethod.invokeForRequest(InvocableHandlerMethod.java:184) ~[spring-web-7.0.8.jar:7.0.8]
	at org.springframework.web.servlet.mvc.method.annotation.ServletInvocableHandlerMethod.invokeAndHandle(ServletInvocableHandlerMethod.java:117) ~[spring-webmvc-7.0.8.jar:7.0.8]
	at org.springframework.web.servlet.mvc.method.annotation.RequestMappingHandlerAdapter.invokeHandlerMethod(RequestMappingHandlerAdapter.java:934) ~[spring-webmvc-7.0.8.jar:7.0.8]
	at org.springframework.web.servlet.mvc.method.annotation.RequestMappingHandlerAdapter.handleInternal(RequestMappingHandlerAdapter.java:853) ~[spring-webmvc-7.0.8.jar:7.0.8]
	at org.springframework.web.servlet.mvc.method.AbstractHandlerMethodAdapter.handle(AbstractHandlerMethodAdapter.java:86) ~[spring-webmvc-7.0.8.jar:7.0.8]
	at org.springframework.web.servlet.DispatcherServlet.doDispatch(DispatcherServlet.java:963) ~[spring-webmvc-7.0.8.jar:7.0.8]
	at org.springframework.web.servlet.DispatcherServlet.doService(DispatcherServlet.java:866) ~[spring-webmvc-7.0.8.jar:7.0.8]
	at org.springframework.web.servlet.FrameworkServlet.processRequest(FrameworkServlet.java:1000) ~[spring-webmvc-7.0.8.jar:7.0.8]
	at org.springframework.web.servlet.FrameworkServlet.doGet(FrameworkServlet.java:892) ~[spring-webmvc-7.0.8.jar:7.0.8]
	at jakarta.servlet.http.HttpServlet.service(HttpServlet.java:622) ~[tomcat-embed-core-11.0.22.jar:6.1]
	at org.springframework.web.servlet.FrameworkServlet.service(FrameworkServlet.java:874) ~[spring-webmvc-7.0.8.jar:7.0.8]
	at jakarta.servlet.http.HttpServlet.service(HttpServlet.java:710) ~[tomcat-embed-core-11.0.22.jar:6.1]
	at org.apache.catalina.core.ApplicationFilterChain.doFilter(ApplicationFilterChain.java:128) ~[tomcat-embed-core-11.0.22.jar:11.0.22]
	at org.apache.tomcat.websocket.server.WsFilter.doFilter(WsFilter.java:53) ~[tomcat-embed-websocket-11.0.22.jar:11.0.22]
	at org.apache.catalina.core.ApplicationFilterChain.doFilter(ApplicationFilterChain.java:107) ~[tomcat-embed-core-11.0.22.jar:11.0.22]
	at org.springframework.web.filter.RequestContextFilter.doFilterInternal(RequestContextFilter.java:100) ~[spring-web-7.0.8.jar:7.0.8]
	at org.springframework.web.filter.OncePerRequestFilter.doFilter(OncePerRequestFilter.java:116) ~[spring-web-7.0.8.jar:7.0.8]
	at org.apache.catalina.core.ApplicationFilterChain.doFilter(ApplicationFilterChain.java:107) ~[tomcat-embed-core-11.0.22.jar:11.0.22]
	at org.springframework.web.filter.FormContentFilter.doFilterInternal(FormContentFilter.java:93) ~[spring-web-7.0.8.jar:7.0.8]
	at org.springframework.web.filter.OncePerRequestFilter.doFilter(OncePerRequestFilter.java:116) ~[spring-web-7.0.8.jar:7.0.8]
	at org.apache.catalina.core.ApplicationFilterChain.doFilter(ApplicationFilterChain.java:107) ~[tomcat-embed-core-11.0.22.jar:11.0.22]
	at org.springframework.web.filter.CharacterEncodingFilter.doFilterInternal(CharacterEncodingFilter.java:199) ~[spring-web-7.0.8.jar:7.0.8]
	at org.springframework.web.filter.OncePerRequestFilter.doFilter(OncePerRequestFilter.java:116) ~[spring-web-7.0.8.jar:7.0.8]
	at org.apache.catalina.core.ApplicationFilterChain.doFilter(ApplicationFilterChain.java:107) ~[tomcat-embed-core-11.0.22.jar:11.0.22]
	at org.apache.catalina.core.StandardWrapperValve.invoke(StandardWrapperValve.java:165) ~[tomcat-embed-core-11.0.22.jar:11.0.22]
	at org.apache.catalina.core.StandardContextValve.invoke(StandardContextValve.java:77) ~[tomcat-embed-core-11.0.22.jar:11.0.22]
	at org.apache.catalina.authenticator.AuthenticatorBase.invoke(AuthenticatorBase.java:492) ~[tomcat-embed-core-11.0.22.jar:11.0.22]
	at org.apache.catalina.core.StandardHostValve.invoke(StandardHostValve.java:113) ~[tomcat-embed-core-11.0.22.jar:11.0.22]
	at org.apache.catalina.valves.ErrorReportValve.invoke(ErrorReportValve.java:83) ~[tomcat-embed-core-11.0.22.jar:11.0.22]
	at org.apache.catalina.core.StandardEngineValve.invoke(StandardEngineValve.java:72) ~[tomcat-embed-core-11.0.22.jar:11.0.22]
	at org.apache.catalina.connector.CoyoteAdapter.service(CoyoteAdapter.java:341) ~[tomcat-embed-core-11.0.22.jar:11.0.22]
	at org.apache.coyote.http11.Http11Processor.service(Http11Processor.java:397) ~[tomcat-embed-core-11.0.22.jar:11.0.22]
	at org.apache.coyote.AbstractProcessorLight.process(AbstractProcessorLight.java:63) ~[tomcat-embed-core-11.0.22.jar:11.0.22]
	at org.apache.coyote.AbstractProtocol$ConnectionHandler.process(AbstractProtocol.java:1272) ~[tomcat-embed-core-11.0.22.jar:11.0.22]
	at org.apache.tomcat.util.net.NioEndpoint$SocketProcessor.doRun(NioEndpoint.java:1801) ~[tomcat-embed-core-11.0.22.jar:11.0.22]
	at org.apache.tomcat.util.net.SocketProcessorBase.run(SocketProcessorBase.java:52) ~[tomcat-embed-core-11.0.22.jar:11.0.22]
	at org.apache.tomcat.util.threads.ThreadPoolExecutor.runWorker(ThreadPoolExecutor.java:946) ~[tomcat-embed-core-11.0.22.jar:11.0.22]
	at org.apache.tomcat.util.threads.ThreadPoolExecutor$Worker.run(ThreadPoolExecutor.java:480) ~[tomcat-embed-core-11.0.22.jar:11.0.22]
	at org.apache.tomcat.util.threads.TaskThread$WrappingRunnable.run(TaskThread.java:57) ~[tomcat-embed-core-11.0.22.jar:11.0.22]
	at java.base/java.lang.Thread.run(Thread.java:1474) ~[na:na]

2026-08-05T11:01:19.583Z  INFO 13164 --- [payment-processing-system] [http-nio-auto-1-exec-9] c.p.p.controller.PaymentController       : POST /api/payments/send - Initiating payment from account: 100000000001
2026-08-05T11:01:19.587Z ERROR 13164 --- [payment-processing-system] [http-nio-auto-1-exec-9] c.p.p.exception.GlobalExceptionHandler   : Payment processing failed: Bank gateway down
2026-08-05T11:01:20.077Z  INFO 13164 --- [payment-processing-system] [SpringApplicationShutdownHook] o.s.boot.tomcat.GracefulShutdown         : Commencing graceful shutdown. Waiting for active requests to complete
2026-08-05T11:01:20.082Z  INFO 13164 --- [payment-processing-system] [tomcat-shutdown] o.s.boot.tomcat.GracefulShutdown         : Graceful shutdown complete
2026-08-05T11:01:20.088Z  INFO 13164 --- [payment-processing-system] [SpringApplicationShutdownHook] j.LocalContainerEntityManagerFactoryBean : Closing JPA EntityManagerFactory for persistence unit 'default'
2026-08-05T11:01:20.093Z  INFO 13164 --- [payment-processing-system] [SpringApplicationShutdownHook] com.zaxxer.hikari.HikariDataSource       : HikariPool-1 - Shutdown initiated...
2026-08-05T11:01:20.107Z  INFO 13164 --- [payment-processing-system] [SpringApplicationShutdownHook] com.zaxxer.hikari.HikariDataSource       : HikariPool-1 - Shutdown completed.
2026-08-05T11:03:40.401Z  INFO 3408 --- [payment-processing-system] [main] .p.p.c.CustomerControllerIntegrationTest : Starting CustomerControllerIntegrationTest using Java 25.0.3 with PID 3408 (started by Administrator in C:\Users\Administrator\Desktop\project\107-InfiniteLoopers-PaymentProcessingSystem)
2026-08-05T11:03:40.406Z  INFO 3408 --- [payment-processing-system] [main] .p.p.c.CustomerControllerIntegrationTest : No active profile set, falling back to 1 default profile: "default"
2026-08-05T11:03:44.314Z  INFO 3408 --- [payment-processing-system] [main] .s.d.r.c.RepositoryConfigurationDelegate : Bootstrapping Spring Data JPA repositories in DEFAULT mode.
2026-08-05T11:03:44.516Z  INFO 3408 --- [payment-processing-system] [main] .s.d.r.c.RepositoryConfigurationDelegate : Finished Spring Data repository scanning in 173 ms. Found 4 JPA repository interfaces.
2026-08-05T11:03:48.945Z  INFO 3408 --- [payment-processing-system] [main] o.s.boot.tomcat.TomcatWebServer          : Tomcat initialized with port 0 (http)
2026-08-05T11:03:48.991Z  INFO 3408 --- [payment-processing-system] [main] o.apache.catalina.core.StandardService   : Starting service [Tomcat]
2026-08-05T11:03:48.992Z  INFO 3408 --- [payment-processing-system] [main] o.apache.catalina.core.StandardEngine    : Starting Servlet engine: [Apache Tomcat/11.0.22]
2026-08-05T11:03:49.153Z  INFO 3408 --- [payment-processing-system] [main] b.w.c.s.WebApplicationContextInitializer : Root WebApplicationContext: initialization completed in 8666 ms
2026-08-05T11:03:50.372Z  INFO 3408 --- [payment-processing-system] [main] com.zaxxer.hikari.HikariDataSource       : HikariPool-1 - Starting...
2026-08-05T11:03:50.879Z  INFO 3408 --- [payment-processing-system] [main] com.zaxxer.hikari.pool.HikariPool        : HikariPool-1 - Added connection com.mysql.cj.jdbc.ConnectionImpl@20faeee0
2026-08-05T11:03:50.884Z  INFO 3408 --- [payment-processing-system] [main] com.zaxxer.hikari.HikariDataSource       : HikariPool-1 - Start completed.
2026-08-05T11:03:50.985Z  INFO 3408 --- [payment-processing-system] [main] org.flywaydb.core.FlywayExecutor         : Database: jdbc:mysql://localhost:3306/payment_processing_db?createDatabaseIfNotExist=true&useSSL=false&allowPublicKeyRetrieval=true&serverTimezone=UTC (MySQL 8.0)
2026-08-05T11:03:51.176Z  INFO 3408 --- [payment-processing-system] [main] o.f.core.internal.command.DbValidate     : Successfully validated 5 migrations (execution time 00:00.073s)
2026-08-05T11:03:51.210Z  INFO 3408 --- [payment-processing-system] [main] o.f.core.internal.command.DbMigrate      : Current version of schema `payment_processing_db`: 5
2026-08-05T11:03:51.217Z  INFO 3408 --- [payment-processing-system] [main] o.f.core.internal.command.DbMigrate      : Schema `payment_processing_db` is up to date. No migration necessary.
2026-08-05T11:03:51.596Z  INFO 3408 --- [payment-processing-system] [main] org.hibernate.orm.jpa                    : HHH008540: Processing PersistenceUnitInfo [name: default]
2026-08-05T11:03:51.769Z  INFO 3408 --- [payment-processing-system] [main] org.hibernate.orm.core                   : HHH000001: Hibernate ORM core version 7.4.1.Final
2026-08-05T11:03:52.796Z  INFO 3408 --- [payment-processing-system] [main] o.s.o.j.p.SpringPersistenceUnitInfo      : No LoadTimeWeaver setup: ignoring JPA class transformer
2026-08-05T11:03:52.965Z  WARN 3408 --- [payment-processing-system] [main] org.hibernate.orm.deprecation            : HHH90000025: MySQLDialect does not need to be specified explicitly using 'hibernate.dialect' (remove the property setting and it will be selected by default)
2026-08-05T11:03:52.998Z  INFO 3408 --- [payment-processing-system] [main] org.hibernate.orm.connections.pooling    : HHH10001005: Database info:
	Database JDBC URL [jdbc:mysql://localhost:3306/payment_processing_db?createDatabaseIfNotExist=true&useSSL=false&allowPublicKeyRetrieval=true&serverTimezone=UTC]
	Database driver: MySQL Connector/J
	Database dialect: MySQLDialect
	Database version: 8.0.41
	Default catalog/schema: payment_processing_db/undefined
	Autocommit mode: undefined/unknown
	Isolation level: REPEATABLE_READ [default REPEATABLE_READ]
	JDBC fetch size: none
	Pool: DataSourceConnectionProvider
	Minimum pool size: undefined/unknown
	Maximum pool size: undefined/unknown
2026-08-05T11:03:56.089Z  INFO 3408 --- [payment-processing-system] [main] org.hibernate.orm.core                   : HHH000489: No JTA platform available (set 'hibernate.transaction.jta.platform' to enable JTA platform integration)
2026-08-05T11:03:56.215Z  INFO 3408 --- [payment-processing-system] [main] j.LocalContainerEntityManagerFactoryBean : Initialized JPA EntityManagerFactory for persistence unit 'default'
2026-08-05T11:03:56.480Z  INFO 3408 --- [payment-processing-system] [main] o.s.d.j.r.query.QueryEnhancerFactories   : Hibernate is in classpath; If applicable, HQL parser will be used.
2026-08-05T11:04:02.006Z  INFO 3408 --- [payment-processing-system] [main] o.s.boot.tomcat.TomcatWebServer          : Tomcat started on port 65011 (http) with context path '/'
2026-08-05T11:04:02.028Z  INFO 3408 --- [payment-processing-system] [main] .p.p.c.CustomerControllerIntegrationTest : Started CustomerControllerIntegrationTest in 22.877 seconds (process running for 30.311)
2026-08-05T11:04:02.433Z  INFO 3408 --- [payment-processing-system] [http-nio-auto-1-exec-1] o.a.c.c.C.[Tomcat].[localhost].[/]       : Initializing Spring DispatcherServlet 'dispatcherServlet'
2026-08-05T11:04:02.433Z  INFO 3408 --- [payment-processing-system] [http-nio-auto-1-exec-1] o.s.web.servlet.DispatcherServlet        : Initializing Servlet 'dispatcherServlet'
2026-08-05T11:04:02.435Z  INFO 3408 --- [payment-processing-system] [http-nio-auto-1-exec-1] o.s.web.servlet.DispatcherServlet        : Completed initialization in 1 ms
2026-08-05T11:04:02.541Z  INFO 3408 --- [payment-processing-system] [http-nio-auto-1-exec-1] c.p.p.controller.CustomerController      : GET /api/customers/404/transactions - Fetching transaction history
2026-08-05T11:04:02.552Z ERROR 3408 --- [payment-processing-system] [http-nio-auto-1-exec-1] c.p.p.exception.GlobalExceptionHandler   : Account not found: Account not found with number: 404
2026-08-05T11:04:02.956Z  INFO 3408 --- [payment-processing-system] [http-nio-auto-1-exec-2] c.p.p.controller.CustomerController      : GET /api/customers/1 - Fetching customer by ID
2026-08-05T11:04:03.006Z  INFO 3408 --- [payment-processing-system] [http-nio-auto-1-exec-3] c.p.p.controller.CustomerController      : GET /api/customers/404 - Fetching customer by ID
2026-08-05T11:04:03.009Z ERROR 3408 --- [payment-processing-system] [http-nio-auto-1-exec-3] c.p.p.exception.GlobalExceptionHandler   : Customer not found: Customer not found with ID: 404
2026-08-05T11:04:03.045Z  INFO 3408 --- [payment-processing-system] [http-nio-auto-1-exec-4] c.p.p.controller.CustomerController      : GET /api/customers/account/100000000002 - Fetching customer by account number
2026-08-05T11:04:03.084Z  INFO 3408 --- [payment-processing-system] [http-nio-auto-1-exec-5] c.p.p.controller.CustomerController      : GET /api/customers - Fetching all customers
2026-08-05T11:04:03.156Z  INFO 3408 --- [payment-processing-system] [http-nio-auto-1-exec-6] c.p.p.controller.CustomerController      : GET /api/customers/100000000001/transactions - Fetching transaction history
2026-08-05T11:04:03.211Z  INFO 3408 --- [payment-processing-system] [http-nio-auto-1-exec-7] c.p.p.controller.CustomerController      : GET /api/customers/transaction/TXN-404 - Fetching transaction details
2026-08-05T11:04:03.213Z ERROR 3408 --- [payment-processing-system] [http-nio-auto-1-exec-7] c.p.p.exception.GlobalExceptionHandler   : Transaction not found: Transaction not found with id: TXN-404
2026-08-05T11:04:03.253Z  INFO 3408 --- [payment-processing-system] [http-nio-auto-1-exec-8] c.p.p.controller.CustomerController      : GET /api/customers/transaction/TXN-DET-1 - Fetching transaction details
2026-08-05T11:04:03.356Z  INFO 3408 --- [payment-processing-system] [main] t.c.s.AnnotationConfigContextLoaderUtils : Could not detect default configuration classes for test class [com.payment.payment_processing_system.controller.PaymentControllerIntegrationTest]: PaymentControllerIntegrationTest does not declare any static, non-private, non-final, nested classes annotated with @Configuration.
2026-08-05T11:04:03.398Z  INFO 3408 --- [payment-processing-system] [main] .b.t.c.SpringBootTestContextBootstrapper : Found @SpringBootConfiguration com.payment.payment_processing_system.PaymentProcessingSystemApplication for test class com.payment.payment_processing_system.controller.PaymentControllerIntegrationTest
2026-08-05T11:04:03.401Z  INFO 3408 --- [payment-processing-system] [main] t.c.s.AnnotationConfigContextLoaderUtils : Could not detect default configuration classes for test class [com.payment.payment_processing_system.controller.PaymentControllerIntegrationTest]: PaymentControllerIntegrationTest does not declare any static, non-private, non-final, nested classes annotated with @Configuration.
2026-08-05T11:04:03.411Z  INFO 3408 --- [payment-processing-system] [main] .b.t.c.SpringBootTestContextBootstrapper : Found @SpringBootConfiguration com.payment.payment_processing_system.PaymentProcessingSystemApplication for test class com.payment.payment_processing_system.controller.PaymentControllerIntegrationTest
2026-08-05T11:04:03.452Z  INFO 3408 --- [payment-processing-system] [main] o.s.b.d.r.RestartApplicationListener     : Restart disabled due to context in which it is running
2026-08-05T11:04:03.572Z  INFO 3408 --- [payment-processing-system] [main] c.p.p.c.PaymentControllerIntegrationTest : Starting PaymentControllerIntegrationTest using Java 25.0.3 with PID 3408 (started by Administrator in C:\Users\Administrator\Desktop\project\107-InfiniteLoopers-PaymentProcessingSystem)
2026-08-05T11:04:03.573Z  INFO 3408 --- [payment-processing-system] [main] c.p.p.c.PaymentControllerIntegrationTest : No active profile set, falling back to 1 default profile: "default"
2026-08-05T11:04:04.515Z  INFO 3408 --- [payment-processing-system] [main] .s.d.r.c.RepositoryConfigurationDelegate : Bootstrapping Spring Data JPA repositories in DEFAULT mode.
2026-08-05T11:04:04.559Z  INFO 3408 --- [payment-processing-system] [main] .s.d.r.c.RepositoryConfigurationDelegate : Finished Spring Data repository scanning in 39 ms. Found 4 JPA repository interfaces.
2026-08-05T11:04:04.922Z  INFO 3408 --- [payment-processing-system] [main] o.s.boot.tomcat.TomcatWebServer          : Tomcat initialized with port 0 (http)
2026-08-05T11:04:04.927Z  INFO 3408 --- [payment-processing-system] [main] o.apache.catalina.core.StandardService   : Starting service [Tomcat]
2026-08-05T11:04:04.931Z  INFO 3408 --- [payment-processing-system] [main] o.apache.catalina.core.StandardEngine    : Starting Servlet engine: [Apache Tomcat/11.0.22]
2026-08-05T11:04:05.054Z  INFO 3408 --- [payment-processing-system] [main] b.w.c.s.WebApplicationContextInitializer : Root WebApplicationContext: initialization completed in 1454 ms
2026-08-05T11:04:05.194Z  INFO 3408 --- [payment-processing-system] [main] com.zaxxer.hikari.HikariDataSource       : HikariPool-2 - Starting...
2026-08-05T11:04:05.201Z  INFO 3408 --- [payment-processing-system] [main] com.zaxxer.hikari.pool.HikariPool        : HikariPool-2 - Added connection com.mysql.cj.jdbc.ConnectionImpl@5ed6cfa4
2026-08-05T11:04:05.202Z  INFO 3408 --- [payment-processing-system] [main] com.zaxxer.hikari.HikariDataSource       : HikariPool-2 - Start completed.
2026-08-05T11:04:05.203Z  INFO 3408 --- [payment-processing-system] [main] org.flywaydb.core.FlywayExecutor         : Database: jdbc:mysql://localhost:3306/payment_processing_db?createDatabaseIfNotExist=true&useSSL=false&allowPublicKeyRetrieval=true&serverTimezone=UTC (MySQL 8.0)
2026-08-05T11:04:05.247Z  INFO 3408 --- [payment-processing-system] [main] o.f.core.internal.command.DbValidate     : Successfully validated 5 migrations (execution time 00:00.014s)
2026-08-05T11:04:05.267Z  INFO 3408 --- [payment-processing-system] [main] o.f.core.internal.command.DbMigrate      : Current version of schema `payment_processing_db`: 5
2026-08-05T11:04:05.269Z  INFO 3408 --- [payment-processing-system] [main] o.f.core.internal.command.DbMigrate      : Schema `payment_processing_db` is up to date. No migration necessary.
2026-08-05T11:04:05.308Z  INFO 3408 --- [payment-processing-system] [main] org.hibernate.orm.jpa                    : HHH008540: Processing PersistenceUnitInfo [name: default]
2026-08-05T11:04:05.345Z  INFO 3408 --- [payment-processing-system] [main] o.s.o.j.p.SpringPersistenceUnitInfo      : No LoadTimeWeaver setup: ignoring JPA class transformer
2026-08-05T11:04:05.352Z  WARN 3408 --- [payment-processing-system] [main] org.hibernate.orm.deprecation            : HHH90000025: MySQLDialect does not need to be specified explicitly using 'hibernate.dialect' (remove the property setting and it will be selected by default)
2026-08-05T11:04:05.353Z  INFO 3408 --- [payment-processing-system] [main] org.hibernate.orm.connections.pooling    : HHH10001005: Database info:
	Database JDBC URL [jdbc:mysql://localhost:3306/payment_processing_db?createDatabaseIfNotExist=true&useSSL=false&allowPublicKeyRetrieval=true&serverTimezone=UTC]
	Database driver: MySQL Connector/J
	Database dialect: MySQLDialect
	Database version: 8.0.41
	Default catalog/schema: payment_processing_db/undefined
	Autocommit mode: undefined/unknown
	Isolation level: REPEATABLE_READ [default REPEATABLE_READ]
	JDBC fetch size: none
	Pool: DataSourceConnectionProvider
	Minimum pool size: undefined/unknown
	Maximum pool size: undefined/unknown
2026-08-05T11:04:05.527Z  INFO 3408 --- [payment-processing-system] [main] org.hibernate.orm.core                   : HHH000489: No JTA platform available (set 'hibernate.transaction.jta.platform' to enable JTA platform integration)
2026-08-05T11:04:05.549Z  INFO 3408 --- [payment-processing-system] [main] j.LocalContainerEntityManagerFactoryBean : Initialized JPA EntityManagerFactory for persistence unit 'default'
2026-08-05T11:04:06.173Z  INFO 3408 --- [payment-processing-system] [main] o.s.boot.tomcat.TomcatWebServer          : Tomcat started on port 65025 (http) with context path '/'
2026-08-05T11:04:06.191Z  INFO 3408 --- [payment-processing-system] [main] c.p.p.c.PaymentControllerIntegrationTest : Started PaymentControllerIntegrationTest in 2.74 seconds (process running for 34.474)
2026-08-05T11:04:06.211Z  INFO 3408 --- [payment-processing-system] [http-nio-auto-2-exec-1] o.a.c.c.C.[Tomcat-1].[localhost].[/]     : Initializing Spring DispatcherServlet 'dispatcherServlet'
2026-08-05T11:04:06.212Z  INFO 3408 --- [payment-processing-system] [http-nio-auto-2-exec-1] o.s.web.servlet.DispatcherServlet        : Initializing Servlet 'dispatcherServlet'
2026-08-05T11:04:06.214Z  INFO 3408 --- [payment-processing-system] [http-nio-auto-2-exec-1] o.s.web.servlet.DispatcherServlet        : Completed initialization in 2 ms
2026-08-05T11:04:06.229Z  INFO 3408 --- [payment-processing-system] [http-nio-auto-2-exec-1] c.p.p.controller.PaymentController       : GET /api/payments/TXN-404 - Fetching transaction details
2026-08-05T11:04:06.232Z ERROR 3408 --- [payment-processing-system] [http-nio-auto-2-exec-1] c.p.p.exception.GlobalExceptionHandler   : Transaction not found: Transaction not found with id: TXN-404
2026-08-05T11:04:06.566Z ERROR 3408 --- [payment-processing-system] [http-nio-auto-2-exec-2] c.p.p.exception.GlobalExceptionHandler   : Bean validation failed: senderAccountNumber: Sender account number must not be empty.; amount: Transaction amount must be greater than zero.; upiPin: UPI PIN must contain exactly 4 numeric digits.
2026-08-05T11:04:06.597Z  INFO 3408 --- [payment-processing-system] [http-nio-auto-2-exec-4] c.p.p.controller.PaymentController       : POST /api/payments/retry/TXN-RETRY-001 - Retrying failed payment
2026-08-05T11:04:06.599Z ERROR 3408 --- [payment-processing-system] [http-nio-auto-2-exec-4] c.p.p.exception.GlobalExceptionHandler   : Retry limit exceeded: Retry limit exceeded for TXN-RETRY-001
2026-08-05T11:04:06.650Z  INFO 3408 --- [payment-processing-system] [http-nio-auto-2-exec-5] c.p.p.controller.PaymentController       : POST /api/payments/send - Initiating payment from account: 100000000001
2026-08-05T11:04:06.687Z  INFO 3408 --- [payment-processing-system] [http-nio-auto-2-exec-6] c.p.p.controller.PaymentController       : POST /api/payments/send - Initiating payment from account: 100000000001
2026-08-05T11:04:06.714Z  INFO 3408 --- [payment-processing-system] [main] t.c.s.AnnotationConfigContextLoaderUtils : Could not detect default configuration classes for test class [com.payment.payment_processing_system.controller.SupportControllerIntegrationTest]: SupportControllerIntegrationTest does not declare any static, non-private, non-final, nested classes annotated with @Configuration.
2026-08-05T11:04:06.746Z  INFO 3408 --- [payment-processing-system] [main] .b.t.c.SpringBootTestContextBootstrapper : Found @SpringBootConfiguration com.payment.payment_processing_system.PaymentProcessingSystemApplication for test class com.payment.payment_processing_system.controller.SupportControllerIntegrationTest
2026-08-05T11:04:06.749Z  INFO 3408 --- [payment-processing-system] [main] t.c.s.AnnotationConfigContextLoaderUtils : Could not detect default configuration classes for test class [com.payment.payment_processing_system.controller.SupportControllerIntegrationTest]: SupportControllerIntegrationTest does not declare any static, non-private, non-final, nested classes annotated with @Configuration.
2026-08-05T11:04:06.754Z  INFO 3408 --- [payment-processing-system] [main] .b.t.c.SpringBootTestContextBootstrapper : Found @SpringBootConfiguration com.payment.payment_processing_system.PaymentProcessingSystemApplication for test class com.payment.payment_processing_system.controller.SupportControllerIntegrationTest
2026-08-05T11:04:06.774Z  INFO 3408 --- [payment-processing-system] [main] o.s.b.d.r.RestartApplicationListener     : Restart disabled due to context in which it is running
2026-08-05T11:04:06.828Z  INFO 3408 --- [payment-processing-system] [main] c.p.p.c.SupportControllerIntegrationTest : Starting SupportControllerIntegrationTest using Java 25.0.3 with PID 3408 (started by Administrator in C:\Users\Administrator\Desktop\project\107-InfiniteLoopers-PaymentProcessingSystem)
2026-08-05T11:04:06.828Z  INFO 3408 --- [payment-processing-system] [main] c.p.p.c.SupportControllerIntegrationTest : No active profile set, falling back to 1 default profile: "default"
2026-08-05T11:04:07.444Z  INFO 3408 --- [payment-processing-system] [main] .s.d.r.c.RepositoryConfigurationDelegate : Bootstrapping Spring Data JPA repositories in DEFAULT mode.
2026-08-05T11:04:07.486Z  INFO 3408 --- [payment-processing-system] [main] .s.d.r.c.RepositoryConfigurationDelegate : Finished Spring Data repository scanning in 39 ms. Found 4 JPA repository interfaces.
2026-08-05T11:04:07.926Z  INFO 3408 --- [payment-processing-system] [main] o.s.boot.tomcat.TomcatWebServer          : Tomcat initialized with port 0 (http)
2026-08-05T11:04:07.928Z  INFO 3408 --- [payment-processing-system] [main] o.apache.catalina.core.StandardService   : Starting service [Tomcat]
2026-08-05T11:04:07.929Z  INFO 3408 --- [payment-processing-system] [main] o.apache.catalina.core.StandardEngine    : Starting Servlet engine: [Apache Tomcat/11.0.22]
2026-08-05T11:04:07.987Z  INFO 3408 --- [payment-processing-system] [main] b.w.c.s.WebApplicationContextInitializer : Root WebApplicationContext: initialization completed in 1156 ms
2026-08-05T11:04:08.064Z  INFO 3408 --- [payment-processing-system] [main] com.zaxxer.hikari.HikariDataSource       : HikariPool-3 - Starting...
2026-08-05T11:04:08.076Z  INFO 3408 --- [payment-processing-system] [main] com.zaxxer.hikari.pool.HikariPool        : HikariPool-3 - Added connection com.mysql.cj.jdbc.ConnectionImpl@61d3342c
2026-08-05T11:04:08.077Z  INFO 3408 --- [payment-processing-system] [main] com.zaxxer.hikari.HikariDataSource       : HikariPool-3 - Start completed.
2026-08-05T11:04:08.079Z  INFO 3408 --- [payment-processing-system] [main] org.flywaydb.core.FlywayExecutor         : Database: jdbc:mysql://localhost:3306/payment_processing_db?createDatabaseIfNotExist=true&useSSL=false&allowPublicKeyRetrieval=true&serverTimezone=UTC (MySQL 8.0)
2026-08-05T11:04:08.118Z  INFO 3408 --- [payment-processing-system] [main] o.f.core.internal.command.DbValidate     : Successfully validated 5 migrations (execution time 00:00.013s)
2026-08-05T11:04:08.132Z  INFO 3408 --- [payment-processing-system] [main] o.f.core.internal.command.DbMigrate      : Current version of schema `payment_processing_db`: 5
2026-08-05T11:04:08.134Z  INFO 3408 --- [payment-processing-system] [main] o.f.core.internal.command.DbMigrate      : Schema `payment_processing_db` is up to date. No migration necessary.
2026-08-05T11:04:08.165Z  INFO 3408 --- [payment-processing-system] [main] org.hibernate.orm.jpa                    : HHH008540: Processing PersistenceUnitInfo [name: default]
2026-08-05T11:04:08.207Z  INFO 3408 --- [payment-processing-system] [main] o.s.o.j.p.SpringPersistenceUnitInfo      : No LoadTimeWeaver setup: ignoring JPA class transformer
2026-08-05T11:04:08.211Z  WARN 3408 --- [payment-processing-system] [main] org.hibernate.orm.deprecation            : HHH90000025: MySQLDialect does not need to be specified explicitly using 'hibernate.dialect' (remove the property setting and it will be selected by default)
2026-08-05T11:04:08.212Z  INFO 3408 --- [payment-processing-system] [main] org.hibernate.orm.connections.pooling    : HHH10001005: Database info:
	Database JDBC URL [jdbc:mysql://localhost:3306/payment_processing_db?createDatabaseIfNotExist=true&useSSL=false&allowPublicKeyRetrieval=true&serverTimezone=UTC]
	Database driver: MySQL Connector/J
	Database dialect: MySQLDialect
	Database version: 8.0.41
	Default catalog/schema: payment_processing_db/undefined
	Autocommit mode: undefined/unknown
	Isolation level: REPEATABLE_READ [default REPEATABLE_READ]
	JDBC fetch size: none
	Pool: DataSourceConnectionProvider
	Minimum pool size: undefined/unknown
	Maximum pool size: undefined/unknown
2026-08-05T11:04:08.447Z  INFO 3408 --- [payment-processing-system] [main] org.hibernate.orm.core                   : HHH000489: No JTA platform available (set 'hibernate.transaction.jta.platform' to enable JTA platform integration)
2026-08-05T11:04:08.469Z  INFO 3408 --- [payment-processing-system] [main] j.LocalContainerEntityManagerFactoryBean : Initialized JPA EntityManagerFactory for persistence unit 'default'
2026-08-05T11:04:08.913Z  INFO 3408 --- [payment-processing-system] [main] o.s.boot.tomcat.TomcatWebServer          : Tomcat started on port 65036 (http) with context path '/'
2026-08-05T11:04:08.918Z  INFO 3408 --- [payment-processing-system] [main] c.p.p.c.SupportControllerIntegrationTest : Started SupportControllerIntegrationTest in 2.145 seconds (process running for 37.201)
2026-08-05T11:04:08.929Z  INFO 3408 --- [payment-processing-system] [http-nio-auto-3-exec-1] o.a.c.c.C.[Tomcat-2].[localhost].[/]     : Initializing Spring DispatcherServlet 'dispatcherServlet'
2026-08-05T11:04:08.929Z  INFO 3408 --- [payment-processing-system] [http-nio-auto-3-exec-1] o.s.web.servlet.DispatcherServlet        : Initializing Servlet 'dispatcherServlet'
2026-08-05T11:04:08.932Z  INFO 3408 --- [payment-processing-system] [http-nio-auto-3-exec-1] o.s.web.servlet.DispatcherServlet        : Completed initialization in 2 ms
2026-08-05T11:04:08.934Z  INFO 3408 --- [payment-processing-system] [http-nio-auto-3-exec-1] c.p.p.controller.SupportController       : GET /api/support/customer/100000000001 - Fetching transactions for account
2026-08-05T11:04:08.976Z  INFO 3408 --- [payment-processing-system] [http-nio-auto-3-exec-2] c.p.p.controller.SupportController       : GET /api/support/dashboard - Fetching dashboard statistics
2026-08-05T11:04:09.007Z  INFO 3408 --- [payment-processing-system] [http-nio-auto-3-exec-3] c.p.p.controller.SupportController       : GET /api/support/transactions - Fetching all transactions
2026-08-05T11:04:09.073Z  INFO 3408 --- [payment-processing-system] [http-nio-auto-3-exec-7] c.p.p.controller.SupportController       : GET /api/support/customer/404 - Fetching transactions for account
2026-08-05T11:04:09.075Z ERROR 3408 --- [payment-processing-system] [http-nio-auto-3-exec-7] c.p.p.exception.GlobalExceptionHandler   : Account not found: Account not found with number: 404
2026-08-05T11:04:09.120Z  INFO 3408 --- [payment-processing-system] [http-nio-auto-3-exec-8] c.p.p.controller.SupportController       : GET /api/support/status/COMPLETED - Fetching transactions by status
2026-08-05T11:04:09.160Z  INFO 3408 --- [payment-processing-system] [main] t.c.s.AnnotationConfigContextLoaderUtils : Could not detect default configuration classes for test class [com.payment.payment_processing_system.exception.GlobalExceptionHandlerIntegrationTest]: GlobalExceptionHandlerIntegrationTest does not declare any static, non-private, non-final, nested classes annotated with @Configuration.
2026-08-05T11:04:09.205Z  INFO 3408 --- [payment-processing-system] [main] .b.t.c.SpringBootTestContextBootstrapper : Found @SpringBootConfiguration com.payment.payment_processing_system.PaymentProcessingSystemApplication for test class com.payment.payment_processing_system.exception.GlobalExceptionHandlerIntegrationTest
2026-08-05T11:04:09.235Z  INFO 3408 --- [payment-processing-system] [main] t.c.s.AnnotationConfigContextLoaderUtils : Could not detect default configuration classes for test class [com.payment.payment_processing_system.exception.GlobalExceptionHandlerIntegrationTest]: GlobalExceptionHandlerIntegrationTest does not declare any static, non-private, non-final, nested classes annotated with @Configuration.
2026-08-05T11:04:09.248Z  INFO 3408 --- [payment-processing-system] [main] .b.t.c.SpringBootTestContextBootstrapper : Found @SpringBootConfiguration com.payment.payment_processing_system.PaymentProcessingSystemApplication for test class com.payment.payment_processing_system.exception.GlobalExceptionHandlerIntegrationTest
2026-08-05T11:04:09.299Z  INFO 3408 --- [payment-processing-system] [http-nio-auto-2-exec-10] c.p.p.controller.PaymentController       : POST /api/payments/retry/TXN-RETRY-429 - Retrying failed payment
2026-08-05T11:04:09.309Z ERROR 3408 --- [payment-processing-system] [http-nio-auto-2-exec-10] c.p.p.exception.GlobalExceptionHandler   : Max retry limit exceeded: Max retries reached
2026-08-05T11:04:09.353Z  INFO 3408 --- [payment-processing-system] [http-nio-auto-2-exec-1] c.p.p.controller.PaymentController       : POST /api/payments/send - Initiating payment from account: 100000000001
2026-08-05T11:04:09.355Z ERROR 3408 --- [payment-processing-system] [http-nio-auto-2-exec-1] c.p.p.exception.GlobalExceptionHandler   : Duplicate payment detected: Idempotency key already used
2026-08-05T11:04:09.393Z  INFO 3408 --- [payment-processing-system] [http-nio-auto-2-exec-3] c.p.p.controller.PaymentController       : POST /api/payments/send - Initiating payment from account: 100000000001
2026-08-05T11:04:09.395Z ERROR 3408 --- [payment-processing-system] [http-nio-auto-2-exec-3] c.p.p.exception.GlobalExceptionHandler   : Insufficient balance: Insufficient balance
2026-08-05T11:04:09.430Z  INFO 3408 --- [payment-processing-system] [http-nio-auto-2-exec-2] c.p.p.controller.PaymentController       : POST /api/payments/send - Initiating payment from account: 100000000001
2026-08-05T11:04:09.432Z ERROR 3408 --- [payment-processing-system] [http-nio-auto-2-exec-2] c.p.p.exception.GlobalExceptionHandler   : Invalid payment request: Amount must be greater than zero
2026-08-05T11:04:09.480Z  INFO 3408 --- [payment-processing-system] [http-nio-auto-2-exec-4] c.p.p.controller.PaymentController       : POST /api/payments/send - Initiating payment from account: 100000000001
2026-08-05T11:04:09.481Z ERROR 3408 --- [payment-processing-system] [http-nio-auto-2-exec-4] c.p.p.exception.GlobalExceptionHandler   : Payment validation failed: Payment validation failed
2026-08-05T11:04:09.514Z  INFO 3408 --- [payment-processing-system] [http-nio-auto-2-exec-5] c.p.p.controller.PaymentController       : POST /api/payments/send - Initiating payment from account: 100000000001
2026-08-05T11:04:09.516Z ERROR 3408 --- [payment-processing-system] [http-nio-auto-2-exec-5] c.p.p.exception.GlobalExceptionHandler   : Invalid payment request: Invalid status transition from CREATED to COMPLETED
2026-08-05T11:04:09.539Z  INFO 3408 --- [payment-processing-system] [http-nio-auto-2-exec-6] c.p.p.controller.PaymentController       : POST /api/payments/send - Initiating payment from account: 100000000001
2026-08-05T11:04:09.541Z ERROR 3408 --- [payment-processing-system] [http-nio-auto-2-exec-6] c.p.p.exception.GlobalExceptionHandler   : Invalid UPI PIN: Invalid UPI PIN
2026-08-05T11:04:09.562Z  INFO 3408 --- [payment-processing-system] [http-nio-auto-2-exec-7] c.p.p.controller.PaymentController       : GET /api/payments/TXN-500 - Fetching transaction details
2026-08-05T11:04:09.564Z ERROR 3408 --- [payment-processing-system] [http-nio-auto-2-exec-7] c.p.p.exception.GlobalExceptionHandler   : Unexpected error at [/api/payments/TXN-500]: Unexpected crash

java.lang.RuntimeException: Unexpected crash
	at com.payment.payment_processing_system.controller.PaymentController.getTransaction(PaymentController.java:75) ~[classes/:na]
	at java.base/jdk.internal.reflect.DirectMethodHandleAccessor.invoke(DirectMethodHandleAccessor.java:104) ~[na:na]
	at java.base/java.lang.reflect.Method.invoke(Method.java:565) ~[na:na]
	at org.springframework.web.method.support.InvocableHandlerMethod.doInvoke(InvocableHandlerMethod.java:252) ~[spring-web-7.0.8.jar:7.0.8]
	at org.springframework.web.method.support.InvocableHandlerMethod.invokeForRequest(InvocableHandlerMethod.java:184) ~[spring-web-7.0.8.jar:7.0.8]
	at org.springframework.web.servlet.mvc.method.annotation.ServletInvocableHandlerMethod.invokeAndHandle(ServletInvocableHandlerMethod.java:117) ~[spring-webmvc-7.0.8.jar:7.0.8]
	at org.springframework.web.servlet.mvc.method.annotation.RequestMappingHandlerAdapter.invokeHandlerMethod(RequestMappingHandlerAdapter.java:934) ~[spring-webmvc-7.0.8.jar:7.0.8]
	at org.springframework.web.servlet.mvc.method.annotation.RequestMappingHandlerAdapter.handleInternal(RequestMappingHandlerAdapter.java:853) ~[spring-webmvc-7.0.8.jar:7.0.8]
	at org.springframework.web.servlet.mvc.method.AbstractHandlerMethodAdapter.handle(AbstractHandlerMethodAdapter.java:86) ~[spring-webmvc-7.0.8.jar:7.0.8]
	at org.springframework.web.servlet.DispatcherServlet.doDispatch(DispatcherServlet.java:963) ~[spring-webmvc-7.0.8.jar:7.0.8]
	at org.springframework.web.servlet.DispatcherServlet.doService(DispatcherServlet.java:866) ~[spring-webmvc-7.0.8.jar:7.0.8]
	at org.springframework.web.servlet.FrameworkServlet.processRequest(FrameworkServlet.java:1000) ~[spring-webmvc-7.0.8.jar:7.0.8]
	at org.springframework.web.servlet.FrameworkServlet.doGet(FrameworkServlet.java:892) ~[spring-webmvc-7.0.8.jar:7.0.8]
	at jakarta.servlet.http.HttpServlet.service(HttpServlet.java:622) ~[tomcat-embed-core-11.0.22.jar:6.1]
	at org.springframework.web.servlet.FrameworkServlet.service(FrameworkServlet.java:874) ~[spring-webmvc-7.0.8.jar:7.0.8]
	at jakarta.servlet.http.HttpServlet.service(HttpServlet.java:710) ~[tomcat-embed-core-11.0.22.jar:6.1]
	at org.apache.catalina.core.ApplicationFilterChain.doFilter(ApplicationFilterChain.java:128) ~[tomcat-embed-core-11.0.22.jar:11.0.22]
	at org.apache.tomcat.websocket.server.WsFilter.doFilter(WsFilter.java:53) ~[tomcat-embed-websocket-11.0.22.jar:11.0.22]
	at org.apache.catalina.core.ApplicationFilterChain.doFilter(ApplicationFilterChain.java:107) ~[tomcat-embed-core-11.0.22.jar:11.0.22]
	at org.springframework.web.filter.RequestContextFilter.doFilterInternal(RequestContextFilter.java:100) ~[spring-web-7.0.8.jar:7.0.8]
	at org.springframework.web.filter.OncePerRequestFilter.doFilter(OncePerRequestFilter.java:116) ~[spring-web-7.0.8.jar:7.0.8]
	at org.apache.catalina.core.ApplicationFilterChain.doFilter(ApplicationFilterChain.java:107) ~[tomcat-embed-core-11.0.22.jar:11.0.22]
	at org.springframework.web.filter.FormContentFilter.doFilterInternal(FormContentFilter.java:93) ~[spring-web-7.0.8.jar:7.0.8]
	at org.springframework.web.filter.OncePerRequestFilter.doFilter(OncePerRequestFilter.java:116) ~[spring-web-7.0.8.jar:7.0.8]
	at org.apache.catalina.core.ApplicationFilterChain.doFilter(ApplicationFilterChain.java:107) ~[tomcat-embed-core-11.0.22.jar:11.0.22]
	at org.springframework.web.filter.CharacterEncodingFilter.doFilterInternal(CharacterEncodingFilter.java:199) ~[spring-web-7.0.8.jar:7.0.8]
	at org.springframework.web.filter.OncePerRequestFilter.doFilter(OncePerRequestFilter.java:116) ~[spring-web-7.0.8.jar:7.0.8]
	at org.apache.catalina.core.ApplicationFilterChain.doFilter(ApplicationFilterChain.java:107) ~[tomcat-embed-core-11.0.22.jar:11.0.22]
	at org.apache.catalina.core.StandardWrapperValve.invoke(StandardWrapperValve.java:165) ~[tomcat-embed-core-11.0.22.jar:11.0.22]
	at org.apache.catalina.core.StandardContextValve.invoke(StandardContextValve.java:77) ~[tomcat-embed-core-11.0.22.jar:11.0.22]
	at org.apache.catalina.authenticator.AuthenticatorBase.invoke(AuthenticatorBase.java:492) ~[tomcat-embed-core-11.0.22.jar:11.0.22]
	at org.apache.catalina.core.StandardHostValve.invoke(StandardHostValve.java:113) ~[tomcat-embed-core-11.0.22.jar:11.0.22]
	at org.apache.catalina.valves.ErrorReportValve.invoke(ErrorReportValve.java:83) ~[tomcat-embed-core-11.0.22.jar:11.0.22]
	at org.apache.catalina.core.StandardEngineValve.invoke(StandardEngineValve.java:72) ~[tomcat-embed-core-11.0.22.jar:11.0.22]
	at org.apache.catalina.connector.CoyoteAdapter.service(CoyoteAdapter.java:341) ~[tomcat-embed-core-11.0.22.jar:11.0.22]
	at org.apache.coyote.http11.Http11Processor.service(Http11Processor.java:397) ~[tomcat-embed-core-11.0.22.jar:11.0.22]
	at org.apache.coyote.AbstractProcessorLight.process(AbstractProcessorLight.java:63) ~[tomcat-embed-core-11.0.22.jar:11.0.22]
	at org.apache.coyote.AbstractProtocol$ConnectionHandler.process(AbstractProtocol.java:1272) ~[tomcat-embed-core-11.0.22.jar:11.0.22]
	at org.apache.tomcat.util.net.NioEndpoint$SocketProcessor.doRun(NioEndpoint.java:1801) ~[tomcat-embed-core-11.0.22.jar:11.0.22]
	at org.apache.tomcat.util.net.SocketProcessorBase.run(SocketProcessorBase.java:52) ~[tomcat-embed-core-11.0.22.jar:11.0.22]
	at org.apache.tomcat.util.threads.ThreadPoolExecutor.runWorker(ThreadPoolExecutor.java:946) ~[tomcat-embed-core-11.0.22.jar:11.0.22]
	at org.apache.tomcat.util.threads.ThreadPoolExecutor$Worker.run(ThreadPoolExecutor.java:480) ~[tomcat-embed-core-11.0.22.jar:11.0.22]
	at org.apache.tomcat.util.threads.TaskThread$WrappingRunnable.run(TaskThread.java:57) ~[tomcat-embed-core-11.0.22.jar:11.0.22]
	at java.base/java.lang.Thread.run(Thread.java:1474) ~[na:na]

2026-08-05T11:04:09.608Z  INFO 3408 --- [payment-processing-system] [http-nio-auto-2-exec-8] c.p.p.controller.PaymentController       : POST /api/payments/send - Initiating payment from account: 100000000001
2026-08-05T11:04:09.610Z ERROR 3408 --- [payment-processing-system] [http-nio-auto-2-exec-8] c.p.p.exception.GlobalExceptionHandler   : Payment processing failed: Bank gateway down
2026-08-05T11:04:09.676Z  INFO 3408 --- [payment-processing-system] [main] t.c.s.AnnotationConfigContextLoaderUtils : Could not detect default configuration classes for test class [com.payment.payment_processing_system.PaymentIdempotencyIntegrationTests]: PaymentIdempotencyIntegrationTests does not declare any static, non-private, non-final, nested classes annotated with @Configuration.
2026-08-05T11:04:09.695Z  INFO 3408 --- [payment-processing-system] [main] .b.t.c.SpringBootTestContextBootstrapper : Found @SpringBootConfiguration com.payment.payment_processing_system.PaymentProcessingSystemApplication for test class com.payment.payment_processing_system.PaymentIdempotencyIntegrationTests
2026-08-05T11:04:09.703Z  INFO 3408 --- [payment-processing-system] [main] t.c.s.AnnotationConfigContextLoaderUtils : Could not detect default configuration classes for test class [com.payment.payment_processing_system.PaymentIdempotencyIntegrationTests]: PaymentIdempotencyIntegrationTests does not declare any static, non-private, non-final, nested classes annotated with @Configuration.
2026-08-05T11:04:09.716Z  INFO 3408 --- [payment-processing-system] [main] .b.t.c.SpringBootTestContextBootstrapper : Found @SpringBootConfiguration com.payment.payment_processing_system.PaymentProcessingSystemApplication for test class com.payment.payment_processing_system.PaymentIdempotencyIntegrationTests
2026-08-05T11:04:09.727Z  INFO 3408 --- [payment-processing-system] [main] o.s.b.d.r.RestartApplicationListener     : Restart disabled due to context in which it is running
2026-08-05T11:04:09.810Z  INFO 3408 --- [payment-processing-system] [main] c.p.p.PaymentIdempotencyIntegrationTests : Starting PaymentIdempotencyIntegrationTests using Java 25.0.3 with PID 3408 (started by Administrator in C:\Users\Administrator\Desktop\project\107-InfiniteLoopers-PaymentProcessingSystem)
2026-08-05T11:04:09.810Z  INFO 3408 --- [payment-processing-system] [main] c.p.p.PaymentIdempotencyIntegrationTests : No active profile set, falling back to 1 default profile: "default"
2026-08-05T11:04:10.644Z  INFO 3408 --- [payment-processing-system] [main] .s.d.r.c.RepositoryConfigurationDelegate : Bootstrapping Spring Data JPA repositories in DEFAULT mode.
2026-08-05T11:04:10.685Z  INFO 3408 --- [payment-processing-system] [main] .s.d.r.c.RepositoryConfigurationDelegate : Finished Spring Data repository scanning in 37 ms. Found 4 JPA repository interfaces.
2026-08-05T11:04:10.880Z  INFO 3408 --- [payment-processing-system] [main] o.s.boot.tomcat.TomcatWebServer          : Tomcat initialized with port 0 (http)
2026-08-05T11:04:10.882Z  INFO 3408 --- [payment-processing-system] [main] o.apache.catalina.core.StandardService   : Starting service [Tomcat]
2026-08-05T11:04:10.883Z  INFO 3408 --- [payment-processing-system] [main] o.apache.catalina.core.StandardEngine    : Starting Servlet engine: [Apache Tomcat/11.0.22]
2026-08-05T11:04:10.963Z  INFO 3408 --- [payment-processing-system] [main] b.w.c.s.WebApplicationContextInitializer : Root WebApplicationContext: initialization completed in 1149 ms
2026-08-05T11:04:11.117Z  INFO 3408 --- [payment-processing-system] [main] com.zaxxer.hikari.HikariDataSource       : HikariPool-4 - Starting...
2026-08-05T11:04:11.124Z  INFO 3408 --- [payment-processing-system] [main] com.zaxxer.hikari.pool.HikariPool        : HikariPool-4 - Added connection com.mysql.cj.jdbc.ConnectionImpl@1cf5857
2026-08-05T11:04:11.124Z  INFO 3408 --- [payment-processing-system] [main] com.zaxxer.hikari.HikariDataSource       : HikariPool-4 - Start completed.
2026-08-05T11:04:11.126Z  INFO 3408 --- [payment-processing-system] [main] org.flywaydb.core.FlywayExecutor         : Database: jdbc:mysql://localhost:3306/payment_processing_db?createDatabaseIfNotExist=true&useSSL=false&allowPublicKeyRetrieval=true&serverTimezone=UTC (MySQL 8.0)
2026-08-05T11:04:11.173Z  INFO 3408 --- [payment-processing-system] [main] o.f.core.internal.command.DbValidate     : Successfully validated 5 migrations (execution time 00:00.021s)
2026-08-05T11:04:11.191Z  INFO 3408 --- [payment-processing-system] [main] o.f.core.internal.command.DbMigrate      : Current version of schema `payment_processing_db`: 5
2026-08-05T11:04:11.193Z  INFO 3408 --- [payment-processing-system] [main] o.f.core.internal.command.DbMigrate      : Schema `payment_processing_db` is up to date. No migration necessary.
2026-08-05T11:04:11.226Z  INFO 3408 --- [payment-processing-system] [main] org.hibernate.orm.jpa                    : HHH008540: Processing PersistenceUnitInfo [name: default]
2026-08-05T11:04:11.288Z  INFO 3408 --- [payment-processing-system] [main] o.s.o.j.p.SpringPersistenceUnitInfo      : No LoadTimeWeaver setup: ignoring JPA class transformer
2026-08-05T11:04:11.292Z  WARN 3408 --- [payment-processing-system] [main] org.hibernate.orm.deprecation            : HHH90000025: MySQLDialect does not need to be specified explicitly using 'hibernate.dialect' (remove the property setting and it will be selected by default)
2026-08-05T11:04:11.294Z  INFO 3408 --- [payment-processing-system] [main] org.hibernate.orm.connections.pooling    : HHH10001005: Database info:
	Database JDBC URL [jdbc:mysql://localhost:3306/payment_processing_db?createDatabaseIfNotExist=true&useSSL=false&allowPublicKeyRetrieval=true&serverTimezone=UTC]
	Database driver: MySQL Connector/J
	Database dialect: MySQLDialect
	Database version: 8.0.41
	Default catalog/schema: payment_processing_db/undefined
	Autocommit mode: undefined/unknown
	Isolation level: REPEATABLE_READ [default REPEATABLE_READ]
	JDBC fetch size: none
	Pool: DataSourceConnectionProvider
	Minimum pool size: undefined/unknown
	Maximum pool size: undefined/unknown
2026-08-05T11:04:11.630Z  INFO 3408 --- [payment-processing-system] [main] org.hibernate.orm.core                   : HHH000489: No JTA platform available (set 'hibernate.transaction.jta.platform' to enable JTA platform integration)
2026-08-05T11:04:11.647Z  INFO 3408 --- [payment-processing-system] [main] j.LocalContainerEntityManagerFactoryBean : Initialized JPA EntityManagerFactory for persistence unit 'default'
2026-08-05T11:04:12.126Z  INFO 3408 --- [payment-processing-system] [main] o.s.boot.tomcat.TomcatWebServer          : Tomcat started on port 65057 (http) with context path '/'
2026-08-05T11:04:12.132Z  INFO 3408 --- [payment-processing-system] [main] c.p.p.PaymentIdempotencyIntegrationTests : Started PaymentIdempotencyIntegrationTests in 2.406 seconds (process running for 40.415)
2026-08-05T11:04:12.154Z  INFO 3408 --- [payment-processing-system] [http-nio-auto-4-exec-1] o.a.c.c.C.[Tomcat-3].[localhost].[/]     : Initializing Spring DispatcherServlet 'dispatcherServlet'
2026-08-05T11:04:12.154Z  INFO 3408 --- [payment-processing-system] [http-nio-auto-4-exec-1] o.s.web.servlet.DispatcherServlet        : Initializing Servlet 'dispatcherServlet'
2026-08-05T11:04:12.156Z  INFO 3408 --- [payment-processing-system] [http-nio-auto-4-exec-1] o.s.web.servlet.DispatcherServlet        : Completed initialization in 2 ms
2026-08-05T11:04:12.171Z  INFO 3408 --- [payment-processing-system] [http-nio-auto-4-exec-1] c.p.p.controller.PaymentController       : POST /api/payments/send - Initiating payment from account: 100000000001
2026-08-05T11:04:12.726Z  INFO 3408 --- [payment-processing-system] [http-nio-auto-4-exec-1] c.p.p.service.impl.PaymentServiceImpl    : Transaction created: TXN-7585D1D44E574FEE83448A1FC60441B7
2026-08-05T11:04:12.734Z  INFO 3408 --- [payment-processing-system] [http-nio-auto-4-exec-1] c.p.p.service.impl.PaymentServiceImpl    : Transaction validated: TXN-7585D1D44E574FEE83448A1FC60441B7
2026-08-05T11:04:12.742Z  INFO 3408 --- [payment-processing-system] [http-nio-auto-4-exec-1] c.p.p.service.impl.PaymentServiceImpl    : Transaction sent: TXN-7585D1D44E574FEE83448A1FC60441B7
2026-08-05T11:04:12.746Z  INFO 3408 --- [payment-processing-system] [http-nio-auto-4-exec-1] c.p.p.service.impl.PaymentServiceImpl    : Transaction completed: TXN-7585D1D44E574FEE83448A1FC60441B7
2026-08-05T11:04:12.808Z  INFO 3408 --- [payment-processing-system] [http-nio-auto-4-exec-2] c.p.p.controller.PaymentController       : POST /api/payments/send - Initiating payment from account: 100000000001
2026-08-05T11:04:12.829Z  INFO 3408 --- [payment-processing-system] [http-nio-auto-4-exec-2] c.p.p.service.impl.PaymentServiceImpl    : Returning existing transaction TXN-7585D1D44E574FEE83448A1FC60441B7 for idempotency key IDEMPTEST-e0c12bd348fb427c9ee8a324bc0320c4
2026-08-05T11:04:12.895Z  INFO 3408 --- [payment-processing-system] [http-nio-auto-4-exec-3] c.p.p.controller.PaymentController       : POST /api/payments/send - Initiating payment from account: 100000000001
2026-08-05T11:04:12.923Z  INFO 3408 --- [payment-processing-system] [http-nio-auto-4-exec-3] c.p.p.service.impl.PaymentServiceImpl    : Transaction created: TXN-F124433164FE4EA8902330AF8261B499
2026-08-05T11:04:12.927Z  INFO 3408 --- [payment-processing-system] [http-nio-auto-4-exec-3] c.p.p.service.impl.PaymentServiceImpl    : Transaction validated: TXN-F124433164FE4EA8902330AF8261B499
2026-08-05T11:04:12.932Z  INFO 3408 --- [payment-processing-system] [http-nio-auto-4-exec-3] c.p.p.service.impl.PaymentServiceImpl    : Transaction sent: TXN-F124433164FE4EA8902330AF8261B499
2026-08-05T11:04:12.935Z  INFO 3408 --- [payment-processing-system] [http-nio-auto-4-exec-3] c.p.p.service.impl.PaymentServiceImpl    : Transaction completed: TXN-F124433164FE4EA8902330AF8261B499
2026-08-05T11:04:12.967Z  INFO 3408 --- [payment-processing-system] [http-nio-auto-4-exec-4] c.p.p.controller.PaymentController       : POST /api/payments/send - Initiating payment from account: 100000000001
2026-08-05T11:04:12.979Z ERROR 3408 --- [payment-processing-system] [http-nio-auto-4-exec-4] c.p.p.service.impl.PaymentServiceImpl    : Duplicate payment blocked: The provided idempotency key has already been used for a different payment request.
2026-08-05T11:04:12.986Z ERROR 3408 --- [payment-processing-system] [http-nio-auto-4-exec-4] c.p.p.exception.GlobalExceptionHandler   : Duplicate payment detected: The provided idempotency key has already been used for a different payment request.
2026-08-05T11:04:13.028Z  INFO 3408 --- [payment-processing-system] [main] t.c.s.AnnotationConfigContextLoaderUtils : Could not detect default configuration classes for test class [com.payment.payment_processing_system.PaymentProcessingSystemApplicationTests]: PaymentProcessingSystemApplicationTests does not declare any static, non-private, non-final, nested classes annotated with @Configuration.
2026-08-05T11:04:13.030Z  INFO 3408 --- [payment-processing-system] [main] .b.t.c.SpringBootTestContextBootstrapper : Found @SpringBootConfiguration com.payment.payment_processing_system.PaymentProcessingSystemApplication for test class com.payment.payment_processing_system.PaymentProcessingSystemApplicationTests
2026-08-05T11:04:13.031Z  INFO 3408 --- [payment-processing-system] [main] t.c.s.AnnotationConfigContextLoaderUtils : Could not detect default configuration classes for test class [com.payment.payment_processing_system.PaymentProcessingSystemApplicationTests]: PaymentProcessingSystemApplicationTests does not declare any static, non-private, non-final, nested classes annotated with @Configuration.
2026-08-05T11:04:13.033Z  INFO 3408 --- [payment-processing-system] [main] .b.t.c.SpringBootTestContextBootstrapper : Found @SpringBootConfiguration com.payment.payment_processing_system.PaymentProcessingSystemApplication for test class com.payment.payment_processing_system.PaymentProcessingSystemApplicationTests
2026-08-05T11:04:13.057Z  INFO 3408 --- [payment-processing-system] [main] o.s.b.d.r.RestartApplicationListener     : Restart disabled due to context in which it is running
2026-08-05T11:04:13.112Z  INFO 3408 --- [payment-processing-system] [main] .PaymentProcessingSystemApplicationTests : Starting PaymentProcessingSystemApplicationTests using Java 25.0.3 with PID 3408 (started by Administrator in C:\Users\Administrator\Desktop\project\107-InfiniteLoopers-PaymentProcessingSystem)
2026-08-05T11:04:13.113Z  INFO 3408 --- [payment-processing-system] [main] .PaymentProcessingSystemApplicationTests : No active profile set, falling back to 1 default profile: "default"
2026-08-05T11:04:13.789Z  INFO 3408 --- [payment-processing-system] [main] .s.d.r.c.RepositoryConfigurationDelegate : Bootstrapping Spring Data JPA repositories in DEFAULT mode.
2026-08-05T11:04:13.840Z  INFO 3408 --- [payment-processing-system] [main] .s.d.r.c.RepositoryConfigurationDelegate : Finished Spring Data repository scanning in 47 ms. Found 4 JPA repository interfaces.
2026-08-05T11:04:13.989Z  INFO 3408 --- [payment-processing-system] [main] com.zaxxer.hikari.HikariDataSource       : HikariPool-5 - Starting...
2026-08-05T11:04:13.996Z  INFO 3408 --- [payment-processing-system] [main] com.zaxxer.hikari.pool.HikariPool        : HikariPool-5 - Added connection com.mysql.cj.jdbc.ConnectionImpl@21de8a5
2026-08-05T11:04:13.997Z  INFO 3408 --- [payment-processing-system] [main] com.zaxxer.hikari.HikariDataSource       : HikariPool-5 - Start completed.
2026-08-05T11:04:13.999Z  INFO 3408 --- [payment-processing-system] [main] org.flywaydb.core.FlywayExecutor         : Database: jdbc:mysql://localhost:3306/payment_processing_db?createDatabaseIfNotExist=true&useSSL=false&allowPublicKeyRetrieval=true&serverTimezone=UTC (MySQL 8.0)
2026-08-05T11:04:14.041Z  INFO 3408 --- [payment-processing-system] [main] o.f.core.internal.command.DbValidate     : Successfully validated 5 migrations (execution time 00:00.014s)
2026-08-05T11:04:14.053Z  INFO 3408 --- [payment-processing-system] [main] o.f.core.internal.command.DbMigrate      : Current version of schema `payment_processing_db`: 5
2026-08-05T11:04:14.054Z  INFO 3408 --- [payment-processing-system] [main] o.f.core.internal.command.DbMigrate      : Schema `payment_processing_db` is up to date. No migration necessary.
2026-08-05T11:04:14.083Z  INFO 3408 --- [payment-processing-system] [main] org.hibernate.orm.jpa                    : HHH008540: Processing PersistenceUnitInfo [name: default]
2026-08-05T11:04:14.171Z  INFO 3408 --- [payment-processing-system] [main] o.s.o.j.p.SpringPersistenceUnitInfo      : No LoadTimeWeaver setup: ignoring JPA class transformer
2026-08-05T11:04:14.173Z  WARN 3408 --- [payment-processing-system] [main] org.hibernate.orm.deprecation            : HHH90000025: MySQLDialect does not need to be specified explicitly using 'hibernate.dialect' (remove the property setting and it will be selected by default)
2026-08-05T11:04:14.174Z  INFO 3408 --- [payment-processing-system] [main] org.hibernate.orm.connections.pooling    : HHH10001005: Database info:
	Database JDBC URL [jdbc:mysql://localhost:3306/payment_processing_db?createDatabaseIfNotExist=true&useSSL=false&allowPublicKeyRetrieval=true&serverTimezone=UTC]
	Database driver: MySQL Connector/J
	Database dialect: MySQLDialect
	Database version: 8.0.41
	Default catalog/schema: payment_processing_db/undefined
	Autocommit mode: undefined/unknown
	Isolation level: REPEATABLE_READ [default REPEATABLE_READ]
	JDBC fetch size: none
	Pool: DataSourceConnectionProvider
	Minimum pool size: undefined/unknown
	Maximum pool size: undefined/unknown
2026-08-05T11:04:14.377Z  INFO 3408 --- [payment-processing-system] [main] org.hibernate.orm.core                   : HHH000489: No JTA platform available (set 'hibernate.transaction.jta.platform' to enable JTA platform integration)
2026-08-05T11:04:14.394Z  INFO 3408 --- [payment-processing-system] [main] j.LocalContainerEntityManagerFactoryBean : Initialized JPA EntityManagerFactory for persistence unit 'default'
2026-08-05T11:04:14.807Z  INFO 3408 --- [payment-processing-system] [main] .PaymentProcessingSystemApplicationTests : Started PaymentProcessingSystemApplicationTests in 1.75 seconds (process running for 43.09)
2026-08-05T11:04:17.602Z  INFO 3408 --- [payment-processing-system] [main] c.p.p.service.impl.PaymentServiceImpl    : Transaction created: TXN-1711604626434DB79264CED1EFDAED0C
2026-08-05T11:04:17.604Z  INFO 3408 --- [payment-processing-system] [main] c.p.p.service.impl.PaymentServiceImpl    : Transaction validated: TXN-1711604626434DB79264CED1EFDAED0C
2026-08-05T11:04:17.605Z  INFO 3408 --- [payment-processing-system] [main] c.p.p.service.impl.PaymentServiceImpl    : Transaction sent: TXN-1711604626434DB79264CED1EFDAED0C
2026-08-05T11:04:17.606Z  INFO 3408 --- [payment-processing-system] [main] c.p.p.service.impl.PaymentServiceImpl    : Transaction completed: TXN-1711604626434DB79264CED1EFDAED0C
2026-08-05T11:04:17.635Z ERROR 3408 --- [payment-processing-system] [main] c.p.p.service.impl.PaymentServiceImpl    : Payment failed during validation [InvalidPaymentException]: Idempotency key must be 8-100 characters and contain only letters, digits, underscores, or hyphens.
2026-08-05T11:04:17.652Z  INFO 3408 --- [payment-processing-system] [main] c.p.p.service.impl.PaymentServiceImpl    : Returning existing transaction TXN-REPLAY for idempotency key IDEMPKEY123
2026-08-05T11:04:17.925Z  INFO 3408 --- [payment-processing-system] [main] c.p.p.service.impl.PaymentServiceImpl    : Retrying transaction: TXN-FAILED-1 (attempt #2)
2026-08-05T11:04:18.074Z  INFO 3408 --- [payment-processing-system] [main] c.p.p.service.impl.SupportServiceImpl    : Building support dashboard statistics
2026-08-05T11:04:18.076Z  INFO 3408 --- [payment-processing-system] [main] c.p.p.service.impl.SupportServiceImpl    : Dashboard: customers=10, transactions=40, successful=35, failed=5
2026-08-05T11:04:18.087Z  INFO 3408 --- [payment-processing-system] [main] c.p.p.service.impl.SupportServiceImpl    : Fetching transactions for account: 404
2026-08-05T11:04:18.164Z  INFO 3408 --- [payment-processing-system] [main] c.p.p.service.impl.SupportServiceImpl    : Fetching transactions with status: COMPLETED
2026-08-05T11:04:18.653Z  INFO 3408 --- [payment-processing-system] [main] c.p.p.service.impl.SupportServiceImpl    : Building support dashboard statistics
2026-08-05T11:04:18.668Z  INFO 3408 --- [payment-processing-system] [main] c.p.p.service.impl.SupportServiceImpl    : Dashboard: customers=0, transactions=0, successful=0, failed=0
2026-08-05T11:04:18.699Z  INFO 3408 --- [payment-processing-system] [main] c.p.p.service.impl.SupportServiceImpl    : Fetching all transactions for support dashboard
2026-08-05T11:04:18.719Z  INFO 3408 --- [payment-processing-system] [main] c.p.p.service.impl.SupportServiceImpl    : Fetching transactions for account: 100000000001
2026-08-05T11:04:19.350Z  WARN 3408 --- [payment-processing-system] [main] c.p.p.v.StatusTransitionValidator        : Invalid status transition for transaction [TXN-002]: CREATED → SENT is not allowed. Allowed transitions from CREATED: [VALIDATED, FAILED]
2026-08-05T11:04:19.359Z  WARN 3408 --- [payment-processing-system] [main] c.p.p.v.StatusTransitionValidator        : Invalid status transition for transaction [TXN-002]: CREATED → COMPLETED is not allowed. Allowed transitions from CREATED: [VALIDATED, FAILED]
2026-08-05T11:04:19.363Z  WARN 3408 --- [payment-processing-system] [main] c.p.p.v.StatusTransitionValidator        : Invalid status transition for transaction [TXN-002]: VALIDATED → CREATED is not allowed. Allowed transitions from VALIDATED: [SENT, FAILED]
2026-08-05T11:04:19.366Z  WARN 3408 --- [payment-processing-system] [main] c.p.p.v.StatusTransitionValidator        : Invalid status transition for transaction [TXN-002]: VALIDATED → COMPLETED is not allowed. Allowed transitions from VALIDATED: [SENT, FAILED]
2026-08-05T11:04:19.370Z  WARN 3408 --- [payment-processing-system] [main] c.p.p.v.StatusTransitionValidator        : Invalid status transition for transaction [TXN-002]: SENT → CREATED is not allowed. Allowed transitions from SENT: [COMPLETED, FAILED]
2026-08-05T11:04:19.374Z  WARN 3408 --- [payment-processing-system] [main] c.p.p.v.StatusTransitionValidator        : Invalid status transition for transaction [TXN-002]: SENT → VALIDATED is not allowed. Allowed transitions from SENT: [COMPLETED, FAILED]
2026-08-05T11:04:19.395Z  WARN 3408 --- [payment-processing-system] [main] c.p.p.v.StatusTransitionValidator        : Invalid status transition for transaction [TXN-002]: FAILED → SENT is not allowed. Allowed transitions from FAILED: [CREATED]
2026-08-05T11:04:19.399Z  WARN 3408 --- [payment-processing-system] [main] c.p.p.v.StatusTransitionValidator        : Invalid status transition for transaction [TXN-002]: FAILED → COMPLETED is not allowed. Allowed transitions from FAILED: [CREATED]
2026-08-05T11:04:19.404Z  WARN 3408 --- [payment-processing-system] [main] c.p.p.v.StatusTransitionValidator        : Invalid status transition for transaction [TXN-002]: COMPLETED → CREATED is not allowed. Allowed transitions from COMPLETED: none (terminal state)
2026-08-05T11:04:19.450Z  WARN 3408 --- [payment-processing-system] [main] c.p.p.v.StatusTransitionValidator        : Invalid status transition for transaction [TXN-003]: COMPLETED → CREATED is not allowed. Allowed transitions from COMPLETED: none (terminal state)
2026-08-05T11:04:19.704Z  INFO 3408 --- [payment-processing-system] [SpringApplicationShutdownHook] o.s.boot.tomcat.GracefulShutdown         : Commencing graceful shutdown. Waiting for active requests to complete
2026-08-05T11:04:19.969Z  INFO 3408 --- [payment-processing-system] [tomcat-shutdown] o.s.boot.tomcat.GracefulShutdown         : Graceful shutdown complete
2026-08-05T11:04:20.249Z  INFO 3408 --- [payment-processing-system] [SpringApplicationShutdownHook] j.LocalContainerEntityManagerFactoryBean : Closing JPA EntityManagerFactory for persistence unit 'default'
2026-08-05T11:04:20.261Z  INFO 3408 --- [payment-processing-system] [SpringApplicationShutdownHook] com.zaxxer.hikari.HikariDataSource       : HikariPool-1 - Shutdown initiated...
2026-08-05T11:04:20.287Z  INFO 3408 --- [payment-processing-system] [SpringApplicationShutdownHook] com.zaxxer.hikari.HikariDataSource       : HikariPool-1 - Shutdown completed.
2026-08-05T11:04:20.325Z  INFO 3408 --- [payment-processing-system] [SpringApplicationShutdownHook] o.s.boot.tomcat.GracefulShutdown         : Commencing graceful shutdown. Waiting for active requests to complete
2026-08-05T11:04:20.332Z  INFO 3408 --- [payment-processing-system] [tomcat-shutdown] o.s.boot.tomcat.GracefulShutdown         : Graceful shutdown complete
2026-08-05T11:04:20.347Z  INFO 3408 --- [payment-processing-system] [SpringApplicationShutdownHook] j.LocalContainerEntityManagerFactoryBean : Closing JPA EntityManagerFactory for persistence unit 'default'
2026-08-05T11:04:20.351Z  INFO 3408 --- [payment-processing-system] [SpringApplicationShutdownHook] com.zaxxer.hikari.HikariDataSource       : HikariPool-2 - Shutdown initiated...
2026-08-05T11:04:20.356Z  INFO 3408 --- [payment-processing-system] [SpringApplicationShutdownHook] com.zaxxer.hikari.HikariDataSource       : HikariPool-2 - Shutdown completed.
2026-08-05T11:04:20.367Z  INFO 3408 --- [payment-processing-system] [SpringApplicationShutdownHook] o.s.boot.tomcat.GracefulShutdown         : Commencing graceful shutdown. Waiting for active requests to complete
2026-08-05T11:04:20.392Z  INFO 3408 --- [payment-processing-system] [tomcat-shutdown] o.s.boot.tomcat.GracefulShutdown         : Graceful shutdown complete
2026-08-05T11:04:20.400Z  INFO 3408 --- [payment-processing-system] [SpringApplicationShutdownHook] j.LocalContainerEntityManagerFactoryBean : Closing JPA EntityManagerFactory for persistence unit 'default'
2026-08-05T11:04:20.401Z  INFO 3408 --- [payment-processing-system] [SpringApplicationShutdownHook] com.zaxxer.hikari.HikariDataSource       : HikariPool-3 - Shutdown initiated...
2026-08-05T11:04:20.413Z  INFO 3408 --- [payment-processing-system] [SpringApplicationShutdownHook] com.zaxxer.hikari.HikariDataSource       : HikariPool-3 - Shutdown completed.
2026-08-05T11:04:20.442Z  INFO 3408 --- [payment-processing-system] [SpringApplicationShutdownHook] o.s.boot.tomcat.GracefulShutdown         : Commencing graceful shutdown. Waiting for active requests to complete
2026-08-05T11:04:20.463Z  INFO 3408 --- [payment-processing-system] [tomcat-shutdown] o.s.boot.tomcat.GracefulShutdown         : Graceful shutdown complete
2026-08-05T11:04:20.471Z  INFO 3408 --- [payment-processing-system] [SpringApplicationShutdownHook] j.LocalContainerEntityManagerFactoryBean : Closing JPA EntityManagerFactory for persistence unit 'default'
2026-08-05T11:04:20.472Z  INFO 3408 --- [payment-processing-system] [SpringApplicationShutdownHook] com.zaxxer.hikari.HikariDataSource       : HikariPool-4 - Shutdown initiated...
2026-08-05T11:04:20.478Z  INFO 3408 --- [payment-processing-system] [SpringApplicationShutdownHook] com.zaxxer.hikari.HikariDataSource       : HikariPool-4 - Shutdown completed.
2026-08-05T11:04:20.493Z  INFO 3408 --- [payment-processing-system] [SpringApplicationShutdownHook] j.LocalContainerEntityManagerFactoryBean : Closing JPA EntityManagerFactory for persistence unit 'default'
2026-08-05T11:04:20.494Z  INFO 3408 --- [payment-processing-system] [SpringApplicationShutdownHook] com.zaxxer.hikari.HikariDataSource       : HikariPool-5 - Shutdown initiated...
2026-08-05T11:04:20.511Z  INFO 3408 --- [payment-processing-system] [SpringApplicationShutdownHook] com.zaxxer.hikari.HikariDataSource       : HikariPool-5 - Shutdown completed.
